userid,rumour_ratio,sum_RR_following,following_count,avg_RR_following,avg_userRR_followingRR,userRR_OR_avgfollowingRR,user_status1,user_status2
2426,0,4.8,13,0.369231,0.184615,0.369231,-1,-1
4816,0,4.03238,20,0.201619,0.100809,0.201619,-1,-1
13374,0,17.1931,50,0.343862,0.171931,0.343862,-1,-1
428333,0.756757,6.33967,11,0.576334,0.666545,0.756757,1,1
465973,0,0,1,0,0,0,-1,-1
612473,0,3.54133,10,0.354133,0.177067,0.354133,-1,-1
624413,0,1.47826,2,0.73913,0.369565,0.73913,0,-1
645503,0,2.04762,10,0.204762,0.102381,0.204762,-1,-1
646483,0,0,0,0,0,0,-1,-1
742143,0.380952,2.16038,5,0.432076,0.406514,0.380952,0,-1
759251,0.4375,11.409,22,0.518591,0.478045,0.4375,0,-1
786764,0,26.297,63,0.417413,0.208706,0.417413,-1,-1
788524,0.333333,22.6068,48,0.470975,0.402154,0.333333,0,-1
806133,0,3.208,10,0.3208,0.1604,0.3208,-1,-1
807095,0.625,3.83333,7,0.547619,0.586309,0.625,1,1
807242,0,0,2,0,0,0,-1,-1
820585,0,55.7361,178,0.313124,0.156562,0.313124,-1,-1
824157,0,12.6667,36,0.351853,0.175926,0.351853,-1,-1
972651,0.611111,20.0008,49,0.40818,0.509645,0.611111,0,1
1077971,0,3.51111,15,0.234074,0.117037,0.234074,-1,-1
1344951,1,2,3,0.666667,0.833333,1,1,1
1367531,0.709677,7.69009,16,0.480631,0.595154,0.709677,1,1
1652541,0.8,24.6764,48,0.514092,0.657046,0.8,1,1
1877831,1,16.1661,37,0.436922,0.718461,1,1,1
1994321,0,3.5,4,0.875,0.4375,0.875,0,-1
2097571,0.652174,6.02759,15,0.401839,0.527007,0.652174,0,1
2195241,0,21.1454,56,0.377597,0.188798,0.377597,-1,-1
2467791,0.5,31.6746,67,0.472755,0.486378,0.5,0,-1
2768501,0.583333,24.8993,54,0.461098,0.522216,0.583333,0,1
3108351,0.478261,3.06863,9,0.340959,0.40961,0.478261,0,-1
3806691,0,0,0,0,0,0,-1,-1
4126501,0,7.41038,24,0.308766,0.154383,0.308766,-1,-1
4970411,0.4,0.5,2,0.25,0.325,0.4,-1,-1
5402612,0.660377,0.380952,2,0.190476,0.425427,0.660377,0,-1
5695632,1,31.2964,79,0.396157,0.698079,1,1,1
5698002,0,22.7213,42,0.540983,0.270492,0.540983,-1,-1
5858532,0,1.74667,12,0.145556,0.0727779,0.145556,-1,-1
5867842,1,16.046,31,0.517613,0.758806,1,1,1
5971922,0,1.5,4,0.375,0.1875,0.375,-1,-1
5988062,0,14.163,26,0.544731,0.272365,0.544731,-1,-1
6017542,0.8,51.3414,91,0.564191,0.682096,0.8,1,1
6107422,0,16.4765,30,0.549217,0.274608,0.549217,-1,-1
6160792,0,22.4939,56,0.401677,0.200838,0.401677,-1,-1
6361512,0,5.90326,11,0.53666,0.26833,0.53666,-1,-1
6473022,0,18.8846,75,0.251795,0.125897,0.251795,-1,-1
6591312,1,54.1111,117,0.462488,0.731244,1,1,1
6705042,0,9.51183,35,0.271767,0.135883,0.271767,-1,-1
7309052,1,55.8189,126,0.443007,0.721504,1,1,1
7587032,0.555556,0.714286,1,0.714286,0.634921,0.555556,1,1
7589572,0,15.1607,43,0.352574,0.176287,0.352574,-1,-1
7702542,0,15.6715,41,0.382232,0.191116,0.382232,-1,-1
7744592,0.4,28.728,67,0.428776,0.414388,0.4,0,-1
7779462,0,0.844444,4,0.211111,0.105555,0.211111,-1,-1
7874982,0,9.147,22,0.415773,0.207886,0.415773,-1,-1
7993262,0,0,0,0,0,0,-1,-1
8161232,0,0.5,11,0.0454545,0.0227273,0.0454545,-1,-1
8350912,0,0,1,0,0,0,-1,-1
8475532,0,27.1717,77,0.352879,0.17644,0.352879,-1,-1
8547752,0,3.7241,7,0.532014,0.266007,0.532014,-1,-1
9207632,0,2.61667,9,0.290741,0.145371,0.290741,-1,-1
9487272,0,2,6,0.333333,0.166667,0.333333,-1,-1
9507342,1,89.5305,241,0.371496,0.685748,1,1,1
9651232,0,1.8,5,0.36,0.18,0.36,-1,-1
9890492,0,14.3401,38,0.377371,0.188686,0.377371,-1,-1
10102272,0,4,11,0.363636,0.181818,0.363636,-1,-1
10313752,0,9.77964,21,0.465697,0.232849,0.465697,-1,-1
10876852,0,2.6,4,0.65,0.325,0.65,-1,-1
11018152,0,0.380952,6,0.063492,0.031746,0.063492,-1,-1
11203972,0,25.2201,61,0.413444,0.206722,0.413444,-1,-1
11345012,0,16.225,39,0.416026,0.208013,0.416026,-1,-1
11793022,0,0,0,0,0,0,-1,-1
12716032,0,12.2052,37,0.32987,0.164935,0.32987,-1,-1
12858902,0,9.82206,21,0.467717,0.233859,0.467717,-1,-1
13493302,0,45.1532,105,0.430031,0.215015,0.430031,-1,-1
13496142,0,0,1,0,0,0,-1,-1
13753642,0,0,8,0,0,0,-1,-1
14082466,0,20.2776,45,0.450614,0.225307,0.450614,-1,-1
14085040,0,7.72919,17,0.454658,0.227329,0.454658,-1,-1
14095052,0,6.79904,26,0.261502,0.130751,0.261502,-1,-1
14123751,0,13.2965,43,0.309221,0.15461,0.309221,-1,-1
14138785,0.666667,9.35715,23,0.406833,0.53675,0.666667,0,1
14159148,0,0,3,0,0,0,-1,-1
14173315,0.576923,19.48,39,0.499487,0.538205,0.576923,0,1
14231313,0,0,0,0,0,0,-1,-1
14260960,0,19.4268,39,0.498123,0.249062,0.498123,-1,-1
14264854,0,13.1915,23,0.573544,0.286772,0.573544,-1,-1
14275129,0,0.5,5,0.1,0.05,0.1,-1,-1
14287669,0,56.0387,142,0.394639,0.197319,0.394639,-1,-1
14291684,0,3.56862,11,0.32442,0.16221,0.32442,-1,-1
14293310,0.25,16.0908,33,0.4876,0.3688,0.25,0,-1
14353202,0,31.4058,80,0.392572,0.196286,0.392572,-1,-1
14372486,0,4.46877,9,0.49653,0.248265,0.49653,-1,-1
14401607,1,50.1447,115,0.436041,0.71802,1,1,1
14413869,0,21.4504,47,0.456391,0.228196,0.456391,-1,-1
14460241,1,18.7687,38,0.493913,0.746957,1,1,1
14465607,0,38.8587,94,0.41339,0.206695,0.41339,-1,-1
14485018,0,1.44444,2,0.722222,0.361111,0.722222,0,-1
14511951,0.4,66.1676,148,0.447078,0.423539,0.4,0,-1
14515799,1,32.4565,88,0.368824,0.684412,1,1,1
14521106,0,31.0227,66,0.470041,0.235021,0.470041,-1,-1
14569869,1,25.0291,62,0.403695,0.701848,1,1,1
14588748,0,30.5151,96,0.317866,0.158933,0.317866,-1,-1
14599545,0,11.1893,40,0.279733,0.139866,0.279733,-1,-1
14606079,0,9.21925,20,0.460962,0.230481,0.460962,-1,-1
14677919,0,13.6934,33,0.414952,0.207476,0.414952,-1,-1
14700117,0,7.70718,20,0.385359,0.192679,0.385359,-1,-1
14700316,0,60.2851,162,0.37213,0.186065,0.37213,-1,-1
14717197,0.8,18.2442,42,0.434386,0.617193,0.8,1,1
14722676,0,11.8384,23,0.514713,0.257357,0.514713,-1,-1
14831475,0,11.4366,33,0.346564,0.173282,0.346564,-1,-1
14888597,0,10.4531,22,0.475143,0.237572,0.475143,-1,-1
14892665,0,26.2649,60,0.437748,0.218874,0.437748,-1,-1
14940354,0.666667,46.9214,102,0.460014,0.56334,0.666667,1,1
15012486,0.833333,7.47826,14,0.534161,0.683747,0.833333,1,1
15028398,0,4.59322,24,0.191384,0.0956921,0.191384,-1,-1
15084853,0,0,0,0,0,0,-1,-1
15108702,0.6,11.285,19,0.593947,0.596974,0.6,1,1
15143478,0,0.666667,6,0.111111,0.0555556,0.111111,-1,-1
15164565,0,19.5492,41,0.47681,0.238405,0.47681,-1,-1
15170194,0,2.33333,15,0.155555,0.0777777,0.155555,-1,-1
15179672,0,3.37467,8,0.421833,0.210917,0.421833,-1,-1
15224867,0,12.2838,25,0.491352,0.245676,0.491352,-1,-1
15234407,0,0,1,0,0,0,-1,-1
15234546,1,17.7033,37,0.478468,0.739234,1,1,1
15235811,0,2.66038,9,0.295598,0.147799,0.295598,-1,-1
15279429,0,23.1952,55,0.421731,0.210865,0.421731,-1,-1
15319103,0,6.77032,19,0.356333,0.178166,0.356333,-1,-1
15348883,0,23.0004,61,0.377056,0.188528,0.377056,-1,-1
15438913,0.333333,12.4337,25,0.497348,0.415341,0.333333,0,-1
15439395,0,11.3655,42,0.270607,0.135304,0.270607,-1,-1
15486071,0,0,3,0,0,0,-1,-1
15557246,0,6.21538,28,0.221978,0.110989,0.221978,-1,-1
15644999,0,4.60848,43,0.107174,0.053587,0.107174,-1,-1
15754281,0.8,24.1452,48,0.503025,0.651513,0.8,1,1
15798091,0,3.69255,14,0.263753,0.131877,0.263753,-1,-1
15956067,0,58.0615,159,0.365167,0.182583,0.365167,-1,-1
15995155,0,7.16176,17,0.42128,0.21064,0.42128,-1,-1
16012783,0,25.279,59,0.428458,0.214229,0.428458,-1,-1
16029780,0,4.21111,14,0.300794,0.150397,0.300794,-1,-1
16031927,1,44.8159,95,0.471746,0.735873,1,1,1
16076032,0,21.1973,78,0.27176,0.13588,0.27176,-1,-1
16077204,0,41.5406,93,0.446673,0.223337,0.446673,-1,-1
16080866,0,0,0,0,0,0,-1,-1
16096416,0,0,0,0,0,0,-1,-1
16106584,0,5.8,13,0.446154,0.223077,0.446154,-1,-1
16153562,0,5.59698,20,0.279849,0.139925,0.279849,-1,-1
16164636,0,5.01111,16,0.313194,0.156597,0.313194,-1,-1
16170253,0,23.9608,69,0.347258,0.173629,0.347258,-1,-1
16183458,0,26.323,55,0.4786,0.2393,0.4786,-1,-1
16184358,0,21.373,47,0.454745,0.227372,0.454745,-1,-1
16211566,0,5.11111,12,0.425926,0.212963,0.425926,-1,-1
16305558,0,22.0713,56,0.394131,0.197065,0.394131,-1,-1
16311797,0,8.89009,22,0.404095,0.202047,0.404095,-1,-1
16330790,0,71.0263,167,0.425307,0.212654,0.425307,-1,-1
16343974,0.4,3.808,8,0.476,0.438,0.4,0,-1
16395449,0,2.20192,3,0.733973,0.366987,0.733973,0,-1
16416978,0,0,0,0,0,0,-1,-1
16513349,0,15.6495,39,0.401269,0.200635,0.401269,-1,-1
16525194,0,0,1,0,0,0,-1,-1
16567644,0,40.7195,76,0.535783,0.267891,0.535783,-1,-1
16589206,0.666667,23.615,82,0.287988,0.477327,0.666667,0,-1
16591979,0,19.4872,46,0.423635,0.211818,0.423635,-1,-1
16671007,1,26.396,54,0.488815,0.744407,1,1,1
16672510,0,3.04762,8,0.380952,0.190476,0.380952,-1,-1
16675569,0.5,36.7491,85,0.432342,0.466171,0.5,0,-1
16681111,0,5.36871,25,0.214748,0.107374,0.214748,-1,-1
16683666,0,6.91476,19,0.363935,0.181967,0.363935,-1,-1
16705804,0,0.333333,4,0.0833332,0.0416666,0.0833332,-1,-1
16721461,0,10.9818,24,0.457575,0.228787,0.457575,-1,-1
16807528,0,13.1138,43,0.304972,0.152486,0.304972,-1,-1
16827148,0,47.8402,107,0.447105,0.223552,0.447105,-1,-1
16832632,0,45.3614,132,0.343647,0.171823,0.343647,-1,-1
16887175,1,15.2568,36,0.4238,0.7119,1,1,1
16887934,0,8.75684,29,0.30196,0.15098,0.30196,-1,-1
16900353,0,8.13095,19,0.427945,0.213972,0.427945,-1,-1
16931360,0,32.3686,74,0.437414,0.218707,0.437414,-1,-1
16955991,1,68.2635,186,0.367008,0.683504,1,1,1
16973333,0.235294,6.48411,20,0.324205,0.27975,0.235294,-1,-1
16992416,0,20.1727,40,0.504318,0.252159,0.504318,-1,-1
17001490,0,1.9,11,0.172727,0.0863636,0.172727,-1,-1
17004618,1,17.706,47,0.376724,0.688362,1,1,1
17027378,0,16.7827,38,0.44165,0.220825,0.44165,-1,-1
17045133,0,8.27757,19,0.435662,0.217831,0.435662,-1,-1
17060020,0,10.7977,32,0.337428,0.168714,0.337428,-1,-1
17152053,0,30.6356,75,0.408475,0.204237,0.408475,-1,-1
17175213,0,19.6936,43,0.45799,0.228995,0.45799,-1,-1
17316885,0,133.083,303,0.439218,0.219609,0.439218,-1,-1
17383707,0,24.8116,82,0.302581,0.15129,0.302581,-1,-1
17441447,0,48.0321,146,0.328987,0.164494,0.328987,-1,-1
17442320,0,7.4,30,0.246667,0.123333,0.246667,-1,-1
17463660,0,13.2778,37,0.358859,0.17943,0.358859,-1,-1
17469289,0.6,40.3068,73,0.552148,0.576074,0.6,1,1
17525171,0,249.429,748,0.333461,0.166731,0.333461,-1,-1
17527559,0,2.51111,10,0.251111,0.125556,0.251111,-1,-1
17537467,0.2,34.288,96,0.357167,0.278583,0.2,-1,-1
17672825,0,21.7204,53,0.409819,0.204909,0.409819,-1,-1
17735875,0,3.7,16,0.23125,0.115625,0.23125,-1,-1
17782313,0,0,0,0,0,0,-1,-1
17945263,0,4.99371,14,0.356694,0.178347,0.356694,-1,-1
17983365,1,42.0865,79,0.53274,0.76637,1,1,1
17994522,0,7.64102,22,0.347319,0.17366,0.347319,-1,-1
17995040,0,2.25,10,0.225,0.1125,0.225,-1,-1
18018877,0,0,4,0,0,0,-1,-1
18021754,0,0.660377,4,0.165094,0.0825471,0.165094,-1,-1
18213483,0,18.0119,54,0.333554,0.166777,0.333554,-1,-1
18424289,0.5,0.4,4,0.1,0.3,0.5,-1,-1
18510860,0.2,18.3168,51,0.359153,0.279576,0.2,-1,-1
18576537,0,2.8,5,0.56,0.28,0.56,-1,-1
18622869,0,13.4237,30,0.447457,0.223728,0.447457,-1,-1
18643437,0.285714,2.66667,9,0.296297,0.291005,0.285714,-1,-1
18650093,0,19.8676,51,0.389561,0.19478,0.389561,-1,-1
18655567,1,55.7446,140,0.398176,0.699088,1,1,1
18668407,0,0,1,0,0,0,-1,-1
18696855,0,6.85833,25,0.274333,0.137167,0.274333,-1,-1
18725815,0,15.0273,52,0.288987,0.144493,0.288987,-1,-1
18980276,0,2,7,0.285714,0.142857,0.285714,-1,-1
18991263,0,1,2,0.5,0.25,0.5,-1,-1
19017675,0,5.58894,15,0.372596,0.186298,0.372596,-1,-1
19038934,0.878049,19.7081,36,0.547446,0.712748,0.878049,1,1
19062754,0,4.68023,10,0.468023,0.234011,0.468023,-1,-1
19150955,0,5.68555,20,0.284277,0.142139,0.284277,-1,-1
19178965,0,20.0333,37,0.54144,0.27072,0.54144,-1,-1
19341389,0,4.82089,27,0.178551,0.0892757,0.178551,-1,-1
19346439,0,28.2358,68,0.415233,0.207616,0.415233,-1,-1
19348870,0,20.2529,49,0.413324,0.206662,0.413324,-1,-1
19379616,0,3,5,0.6,0.3,0.6,-1,-1
19391273,0,2.5,8,0.3125,0.15625,0.3125,-1,-1
19530437,0,6.36666,22,0.289394,0.144697,0.289394,-1,-1
19533817,0,4.58538,18,0.254743,0.127372,0.254743,-1,-1
19534873,0,16.8596,58,0.290683,0.145341,0.290683,-1,-1
19636948,0.75,17.5533,37,0.474414,0.612207,0.75,1,1
19662223,0,3.23334,9,0.35926,0.17963,0.35926,-1,-1
19706851,0,24.3189,53,0.458847,0.229424,0.458847,-1,-1
19814041,0,4.92772,19,0.259354,0.129677,0.259354,-1,-1
19897138,0,8.51409,21,0.405433,0.202716,0.405433,-1,-1
19899606,0,11.8247,19,0.622353,0.311176,0.622353,-1,-1
19906615,0,4.75,12,0.395833,0.197917,0.395833,-1,-1
19915842,0,0.99371,9,0.110412,0.0552061,0.110412,-1,-1
19929890,0,4.28538,18,0.238077,0.119038,0.238077,-1,-1
19968074,0,2.23529,16,0.139706,0.0698528,0.139706,-1,-1
20052487,0,11.4713,38,0.301876,0.150938,0.301876,-1,-1
20098015,0,7.26356,27,0.269021,0.13451,0.269021,-1,-1
20136892,0,3.708,12,0.309,0.1545,0.309,-1,-1
20159596,0,45.2184,94,0.481047,0.240523,0.481047,-1,-1
20222791,0,0.7,9,0.0777778,0.0388889,0.0777778,-1,-1
20304663,0,7.72687,23,0.335951,0.167975,0.335951,-1,-1
20375332,0,36.0241,101,0.356674,0.178337,0.356674,-1,-1
20548283,0,19.0656,48,0.3972,0.1986,0.3972,-1,-1
20598137,0,8.04133,17,0.473019,0.23651,0.473019,-1,-1
20622594,0,7.70326,16,0.481454,0.240727,0.481454,-1,-1
20639175,0.75,11.8333,35,0.338095,0.544048,0.75,0,1
20646711,0,4.21183,13,0.323987,0.161993,0.323987,-1,-1
20678866,0,6.0969,12,0.508075,0.254037,0.508075,-1,-1
20748745,0,11.9879,28,0.428139,0.21407,0.428139,-1,-1
20771519,0,38.9664,123,0.3168,0.1584,0.3168,-1,-1
20772763,0.5,44.77,105,0.426381,0.46319,0.5,0,-1
20779110,0,18.4202,33,0.558188,0.279094,0.558188,-1,-1
20848139,0,4.97215,7,0.710307,0.355154,0.710307,0,-1
20878297,0,11.3015,39,0.289782,0.144891,0.289782,-1,-1
20891396,0,4.32521,12,0.360434,0.180217,0.360434,-1,-1
20973388,0,4.44341,15,0.296227,0.148114,0.296227,-1,-1
21182691,0,2.26984,6,0.378307,0.189153,0.378307,-1,-1
21186391,0,0.5,8,0.0625,0.03125,0.0625,-1,-1
21282561,0,4.66159,18,0.258977,0.129489,0.258977,-1,-1
21291400,0,13.6242,25,0.544968,0.272484,0.544968,-1,-1
21355321,0,7.46556,12,0.62213,0.311065,0.62213,-1,-1
21368060,0,8.06667,37,0.218018,0.109009,0.218018,-1,-1
21439144,0,0,0,0,0,0,-1,-1
21661279,0,3.68611,8,0.460764,0.230382,0.460764,-1,-1
21733692,0,17.11,48,0.356458,0.178229,0.356458,-1,-1
21744712,0,30.3979,80,0.379974,0.189987,0.379974,-1,-1
21749564,0,30.9171,72,0.429404,0.214702,0.429404,-1,-1
21866939,0.75,23.5052,54,0.435282,0.592641,0.75,1,1
21998314,0,23.2888,64,0.363887,0.181944,0.363887,-1,-1
22021978,0,12.8503,33,0.389403,0.194701,0.389403,-1,-1
22162815,0,23.4135,54,0.433583,0.216792,0.433583,-1,-1
22240612,0.5,0,0,0,0.25,0.5,-1,-1
22280546,0,0,2,0,0,0,-1,-1
22369602,0,5.52468,22,0.251122,0.125561,0.251122,-1,-1
22434517,0,3.33333,12,0.277777,0.138889,0.277777,-1,-1
22479281,0,2.43815,12,0.203179,0.10159,0.203179,-1,-1
22516998,0,2.41509,13,0.185776,0.0928881,0.185776,-1,-1
22634051,0,0,1,0,0,0,-1,-1
22650211,0.5,8.83334,19,0.464913,0.482456,0.5,0,-1
22657914,0,0.2,5,0.04,0.02,0.04,-1,-1
22662704,0,6.57752,19,0.346185,0.173093,0.346185,-1,-1
22799750,1,17.5516,35,0.501474,0.750737,1,1,1
22800916,0,18.1402,38,0.477374,0.238687,0.477374,-1,-1
22993014,0.928571,42.0472,75,0.560629,0.7446,0.928571,1,1
23052167,0,12.3698,29,0.426545,0.213272,0.426545,-1,-1
23190207,0,8.77537,30,0.292512,0.146256,0.292512,-1,-1
23286093,0,22.0601,61,0.361641,0.18082,0.361641,-1,-1
23398730,0,68.9488,137,0.503276,0.251638,0.503276,-1,-1
23465218,0,0,5,0,0,0,-1,-1
23569016,0,0,1,0,0,0,-1,-1
23570520,0,3.86038,14,0.275741,0.137871,0.275741,-1,-1
23583267,0,55.4712,132,0.420236,0.210118,0.420236,-1,-1
23745072,0,36.2271,80,0.452839,0.226419,0.452839,-1,-1
23818581,0,4.10833,12,0.342361,0.17118,0.342361,-1,-1
23835021,0,6.07087,23,0.263951,0.131975,0.263951,-1,-1
23949317,0,5.27727,19,0.277751,0.138876,0.277751,-1,-1
23963789,0,14.9606,36,0.415572,0.207786,0.415572,-1,-1
24069453,0,20.5408,67,0.306579,0.15329,0.306579,-1,-1
24127595,0,0.756757,1,0.756757,0.378379,0.756757,0,-1
24138795,0.333333,18.4284,39,0.472523,0.402928,0.333333,0,-1
24157295,0,14.9809,35,0.428026,0.214013,0.428026,-1,-1
24187097,0,6.09985,13,0.469219,0.23461,0.469219,-1,-1
24506246,0,28.2012,65,0.433865,0.216932,0.433865,-1,-1
24824450,0,23.6651,45,0.52589,0.262945,0.52589,-1,-1
25049056,0.5,9.32727,15,0.621818,0.560909,0.5,1,1
25058787,0,7.33333,17,0.431372,0.215686,0.431372,-1,-1
25067168,1,17.3952,40,0.43488,0.71744,1,1,1
25106021,0,3.50881,10,0.350881,0.175441,0.350881,-1,-1
25110374,0,6.95743,21,0.331306,0.165653,0.331306,-1,-1
25190181,0,7.28533,22,0.331151,0.165576,0.331151,-1,-1
25198840,0,62.6349,153,0.409378,0.204689,0.409378,-1,-1
25235151,0,12.5386,30,0.417953,0.208977,0.417953,-1,-1
25291723,0,19.4417,41,0.474188,0.237094,0.474188,-1,-1
25390350,0,14.0789,30,0.469297,0.234649,0.469297,-1,-1
25545470,1,21.0435,62,0.339411,0.669706,1,1,1
25589776,0,7.33982,27,0.271845,0.135923,0.271845,-1,-1
25675905,0,1.04516,5,0.209032,0.104516,0.209032,-1,-1
25999072,0,40.9528,96,0.426592,0.213296,0.426592,-1,-1
26012202,0,0.4,2,0.2,0.1,0.2,-1,-1
26192631,0,5.78333,24,0.240972,0.120486,0.240972,-1,-1
26566469,0,29.6251,61,0.485657,0.242829,0.485657,-1,-1
27187343,0,38.2428,114,0.335463,0.167732,0.335463,-1,-1
27457454,0.5,49.5759,124,0.399806,0.449903,0.5,0,-1
27571535,0,4.8,13,0.369231,0.184615,0.369231,-1,-1
27725199,0,0.75,5,0.15,0.075,0.15,-1,-1
27844479,0,4.09547,10,0.409547,0.204774,0.409547,-1,-1
27970347,0,0,0,0,0,0,-1,-1
27987687,0,7.40335,19,0.38965,0.194825,0.38965,-1,-1
28139873,1,6.47826,17,0.381074,0.690537,1,1,1
28197830,0,0,2,0,0,0,-1,-1
28279637,0,21.9253,54,0.406024,0.203012,0.406024,-1,-1
28443608,0,2.47826,3,0.826087,0.413043,0.826087,0,-1
28673549,0,6.53374,14,0.466696,0.233348,0.466696,-1,-1
28785486,0.555556,15.3582,28,0.548507,0.552032,0.555556,1,1
28839148,0,8.78214,20,0.439107,0.219554,0.439107,-1,-1
29242390,0,11.7466,37,0.317476,0.158738,0.317476,-1,-1
29465136,0,54.8044,127,0.431531,0.215765,0.431531,-1,-1
29979814,0,8.06666,46,0.175362,0.0876811,0.175362,-1,-1
30138572,0,9.44506,22,0.429321,0.21466,0.429321,-1,-1
30313925,0,0,2,0,0,0,-1,-1
30886757,0,19.0466,56,0.340118,0.170059,0.340118,-1,-1
30974408,0,4.16038,29,0.143461,0.0717307,0.143461,-1,-1
31114386,0,36.0941,91,0.396638,0.198319,0.396638,-1,-1
31135856,0,5.71624,32,0.178632,0.0893162,0.178632,-1,-1
31351557,0,6.53343,13,0.502572,0.251286,0.502572,-1,-1
31540671,0,1.95968,4,0.489919,0.24496,0.489919,-1,-1
32272710,0,27.308,53,0.515245,0.257623,0.515245,-1,-1
32405126,0,16.35,37,0.441892,0.220946,0.441892,-1,-1
32677883,0,0.5,2,0.25,0.125,0.25,-1,-1
33203801,0,6.09387,16,0.380867,0.190433,0.380867,-1,-1
33315010,0,2,11,0.181818,0.0909091,0.181818,-1,-1
33388399,0,0,4,0,0,0,-1,-1
33464913,0,0,6,0,0,0,-1,-1
33519870,0,20.9037,51,0.409876,0.204938,0.409876,-1,-1
34002725,0,16.3062,59,0.276376,0.138188,0.276376,-1,-1
34262462,0.333333,10.7783,20,0.538915,0.436124,0.333333,0,-1
34655603,0,0,0,0,0,0,-1,-1
34713362,1,1.3,5,0.26,0.63,1,1,1
34726009,0,6.00169,19,0.315878,0.157939,0.315878,-1,-1
35466620,1,15.3887,37,0.415911,0.707955,1,1,1
35773039,0,34.7611,76,0.457383,0.228691,0.457383,-1,-1
36048614,0,14.563,43,0.338674,0.169337,0.338674,-1,-1
36093269,0,17.3828,46,0.377887,0.188944,0.377887,-1,-1
36104673,0,11.3366,27,0.419872,0.209936,0.419872,-1,-1
36252186,0,12.1856,39,0.312451,0.156226,0.312451,-1,-1
36311109,0,4.66667,19,0.245614,0.122807,0.245614,-1,-1
37034483,0,0,0,0,0,0,-1,-1
37072821,0,1,3,0.333333,0.166667,0.333333,-1,-1
37074513,0,0,0,0,0,0,-1,-1
37303498,0,19.0881,57,0.334879,0.167439,0.334879,-1,-1
37628540,0,6.62683,15,0.441789,0.220894,0.441789,-1,-1
37675954,0,4.27826,6,0.713043,0.356522,0.713043,0,-1
38142380,0,7.98283,18,0.44349,0.221745,0.44349,-1,-1
38162820,0,5.37416,23,0.233659,0.11683,0.233659,-1,-1
38291055,0,16.1111,43,0.374677,0.187339,0.374677,-1,-1
38708614,0,2.00678,11,0.182435,0.0912173,0.182435,-1,-1
38800236,0,3.69842,19,0.194654,0.0973268,0.194654,-1,-1
39599748,0,34.0794,87,0.391717,0.195859,0.391717,-1,-1
39609732,0,33.8392,95,0.356202,0.178101,0.356202,-1,-1
39750128,0,20.8186,44,0.47315,0.236575,0.47315,-1,-1
40641691,0,2.25,7,0.321429,0.160714,0.321429,-1,-1
41203507,0,4.68277,15,0.312185,0.156092,0.312185,-1,-1
41204528,0,4.61159,12,0.384299,0.19215,0.384299,-1,-1
41542581,0,5.24444,13,0.403419,0.201709,0.403419,-1,-1
41789292,0,25.2553,62,0.407344,0.203672,0.407344,-1,-1
42371615,0,1.3,13,0.1,0.05,0.1,-1,-1
42467881,0,9.99394,28,0.356926,0.178463,0.356926,-1,-1
42970367,0,18.9944,79,0.240435,0.120218,0.240435,-1,-1
42972818,0,1.625,4,0.40625,0.203125,0.40625,-1,-1
43531759,0,17.7202,52,0.340773,0.170387,0.340773,-1,-1
43568964,0,1,3,0.333333,0.166667,0.333333,-1,-1
44089820,0,10.0389,19,0.528361,0.264181,0.528361,-1,-1
44148621,0,0,0,0,0,0,-1,-1
44317593,0,24.4792,71,0.344777,0.172389,0.344777,-1,-1
44361097,0,1.56087,5,0.312174,0.156087,0.312174,-1,-1
44425241,0,17.6198,46,0.383039,0.19152,0.383039,-1,-1
45564482,0,25.0088,51,0.490369,0.245184,0.490369,-1,-1
46017944,0,28.8812,61,0.473462,0.236731,0.473462,-1,-1
46078438,0.333333,2.60676,22,0.118489,0.225911,0.333333,-1,-1
46335511,0,0,3,0,0,0,-1,-1
46376581,0,0.625,2,0.3125,0.15625,0.3125,-1,-1
46775077,0,12.0796,27,0.447393,0.223696,0.447393,-1,-1
47318317,0,2.05,5,0.41,0.205,0.41,-1,-1
47448886,0,9.08333,29,0.313218,0.156609,0.313218,-1,-1
47596039,0,19.048,47,0.405277,0.202638,0.405277,-1,-1
47617445,0,10.1543,35,0.290123,0.145061,0.290123,-1,-1
47624589,0,15.0639,30,0.50213,0.251065,0.50213,-1,-1
47685065,0,5.72826,19,0.301487,0.150744,0.301487,-1,-1
47707475,0,3,10,0.3,0.15,0.3,-1,-1
47722134,0,23.1366,44,0.525832,0.262916,0.525832,-1,-1
47942585,0,10.2107,26,0.392719,0.19636,0.392719,-1,-1
47992292,0,11.7916,25,0.471664,0.235832,0.471664,-1,-1
48300067,0,30.0326,61,0.492338,0.246169,0.492338,-1,-1
48322782,0,14.202,39,0.364154,0.182077,0.364154,-1,-1
48705816,0,2.84804,11,0.258913,0.129457,0.258913,-1,-1
48743186,0,7.5,18,0.416667,0.208333,0.416667,-1,-1
48893763,0,14.0236,30,0.467454,0.233727,0.467454,-1,-1
48956231,1,31.686,75,0.42248,0.71124,1,1,1
49444292,0,0,2,0,0,0,-1,-1
49491544,0,53.6282,113,0.474586,0.237293,0.474586,-1,-1
49592004,0,1.5,7,0.214286,0.107143,0.214286,-1,-1
49595583,0,10.0754,29,0.347428,0.173714,0.347428,-1,-1
49946953,0,48.8369,121,0.403611,0.201806,0.403611,-1,-1
50221275,0,0,1,0,0,0,-1,-1
50227161,0,4.92397,15,0.328265,0.164132,0.328265,-1,-1
50295156,0,0,2,0,0,0,-1,-1
50306637,0,9.28018,20,0.464009,0.232004,0.464009,-1,-1
50348344,1,1.38095,4,0.345238,0.672619,1,1,1
50367908,0,0,1,0,0,0,-1,-1
51241574,0.645161,3.23333,10,0.323333,0.484247,0.645161,0,-1
51440872,0,0,0,0,0,0,-1,-1
52660746,0,12.5089,28,0.446746,0.223373,0.446746,-1,-1
53789862,0,22.8683,82,0.278882,0.139441,0.278882,-1,-1
55195680,0,8.89052,28,0.317519,0.158759,0.317519,-1,-1
56039856,0,13.4085,31,0.432532,0.216266,0.432532,-1,-1
56760430,0,5.47778,13,0.421368,0.210684,0.421368,-1,-1
56961858,0,0.5,4,0.125,0.0625,0.125,-1,-1
58371469,0,5.15833,12,0.429861,0.21493,0.429861,-1,-1
59627487,0,0,0,0,0,0,-1,-1
60296618,0,0,2,0,0,0,-1,-1
61451642,0,11.2792,35,0.322263,0.161131,0.322263,-1,-1
61536089,0,0,0,0,0,0,-1,-1
62241187,0,10.1212,24,0.421717,0.210858,0.421717,-1,-1
63863854,0,0,0,0,0,0,-1,-1
64643056,0.647059,29.9789,63,0.475856,0.561457,0.647059,1,1
65045121,0,8.84567,34,0.260167,0.130083,0.260167,-1,-1
65260792,0,2.5,10,0.25,0.125,0.25,-1,-1
66392518,0,4.11111,9,0.45679,0.228395,0.45679,-1,-1
66967746,0,0,0,0,0,0,-1,-1
67197351,0,0.8,3,0.266667,0.133333,0.266667,-1,-1
67305394,0,11.4802,30,0.382673,0.191336,0.382673,-1,-1
67725191,0,1,2,0.5,0.25,0.5,-1,-1
67973271,0,2.525,6,0.420833,0.210417,0.420833,-1,-1
68413067,0,6.38578,16,0.399111,0.199556,0.399111,-1,-1
68577152,0,1.4,10,0.14,0.07,0.14,-1,-1
69181624,0,5.58868,14,0.399191,0.199596,0.399191,-1,-1
69231187,0,6.69555,18,0.371975,0.185988,0.371975,-1,-1
70467062,0,2.0838,4,0.520949,0.260475,0.520949,-1,-1
71491041,0,5.90791,23,0.256866,0.128433,0.256866,-1,-1
74964468,0,0,1,0,0,0,-1,-1
75060487,0,6.5394,21,0.3114,0.1557,0.3114,-1,-1
76135109,0,0,0,0,0,0,-1,-1
76372965,0,5.82368,31,0.187861,0.0939303,0.187861,-1,-1
76388579,0,0,1,0,0,0,-1,-1
76858507,0,8.15205,22,0.370548,0.185274,0.370548,-1,-1
77528520,1,11.9333,25,0.477332,0.738666,1,1,1
77685623,0,16.5881,42,0.394955,0.197477,0.394955,-1,-1
78706973,0,7.50196,40,0.187549,0.0937745,0.187549,-1,-1
78890225,0,5.325,32,0.166406,0.0832031,0.166406,-1,-1
80096994,0,0.660377,2,0.330189,0.165094,0.330189,-1,-1
80803819,0,20.9132,55,0.38024,0.19012,0.38024,-1,-1
81139048,0,25.3935,57,0.4455,0.22275,0.4455,-1,-1
81305054,0.5,7.28098,18,0.404499,0.452249,0.5,0,-1
81683900,0,3.57317,8,0.446647,0.223323,0.446647,-1,-1
82491225,0,15.6749,32,0.489841,0.24492,0.489841,-1,-1
83638901,0,13.7803,44,0.313189,0.156594,0.313189,-1,-1
83795099,0,13.2803,35,0.379437,0.189719,0.379437,-1,-1
84652988,0,2.06667,6,0.344445,0.172222,0.344445,-1,-1
85794542,0,0,5,0,0,0,-1,-1
86516574,0,1,3,0.333333,0.166667,0.333333,-1,-1
87012901,0,1.06667,2,0.533333,0.266667,0.533333,-1,-1
87165980,0,28.0854,66,0.425536,0.212768,0.425536,-1,-1
87297341,0,4.09167,9,0.45463,0.227315,0.45463,-1,-1
87416722,0.714286,0.555556,1,0.555556,0.634921,0.714286,1,1
87818409,0.5,28.0987,60,0.468312,0.484156,0.5,0,-1
88210310,0,17.2,40,0.43,0.215,0.43,-1,-1
89185283,0,18.5302,45,0.411782,0.205891,0.411782,-1,-1
89741981,0,0,0,0,0,0,-1,-1
90034304,0,11.5052,22,0.522964,0.261482,0.522964,-1,-1
90202078,0,1.5,6,0.25,0.125,0.25,-1,-1
90918950,0,12.5037,24,0.520988,0.260494,0.520988,-1,-1
91334232,0,2.73611,4,0.684028,0.342014,0.684028,-1,-1
92181348,0,1,8,0.125,0.0625,0.125,-1,-1
92242282,0,0,0,0,0,0,-1,-1
92377901,0,0.5,1,0.5,0.25,0.5,-1,-1
93766096,0,16.1881,38,0.426003,0.213001,0.426003,-1,-1
94816809,0,0,1,0,0,0,-1,-1
95148130,0,7.59167,22,0.345076,0.172538,0.345076,-1,-1
97382927,0,1.72223,5,0.344445,0.172223,0.344445,-1,-1
98250867,0,4.54899,8,0.568624,0.284312,0.568624,-1,-1
98627870,0,7,18,0.388889,0.194444,0.388889,-1,-1
99333040,0,2.4,7,0.342857,0.171429,0.342857,-1,-1
99786592,0,16.4992,45,0.366649,0.183324,0.366649,-1,-1
100174414,0,2,9,0.222222,0.111111,0.222222,-1,-1
100880543,0,14.0929,54,0.26098,0.13049,0.26098,-1,-1
101022951,0,5.77467,13,0.444205,0.222103,0.444205,-1,-1
101520906,0,4.66429,18,0.259127,0.129564,0.259127,-1,-1
101677248,0,8.24079,25,0.329632,0.164816,0.329632,-1,-1
102420077,0,6.03333,27,0.223457,0.111728,0.223457,-1,-1
103245739,0,3.06667,10,0.306667,0.153334,0.306667,-1,-1
103849564,0,4.07826,21,0.194203,0.0971014,0.194203,-1,-1
106118793,0,4.06038,16,0.253774,0.126887,0.253774,-1,-1
106431823,0,1.53333,11,0.139394,0.0696968,0.139394,-1,-1
107210124,0,6.26982,19,0.329991,0.164995,0.329991,-1,-1
108352527,0,25.5406,56,0.456082,0.228041,0.456082,-1,-1
108884788,0,7.34329,25,0.293732,0.146866,0.293732,-1,-1
109001491,0,12.9667,42,0.308731,0.154365,0.308731,-1,-1
109042732,0,3.61111,5,0.722222,0.361111,0.722222,0,-1
109065990,0,5.5008,14,0.392914,0.196457,0.392914,-1,-1
110396781,0,6.42569,18,0.356983,0.178491,0.356983,-1,-1
110445334,0,33.4672,73,0.458455,0.229227,0.458455,-1,-1
111250814,0,9.77971,18,0.543317,0.271659,0.543317,-1,-1
113899804,0,2,3,0.666667,0.333333,0.666667,-1,-1
114479860,0,8.33333,22,0.378788,0.189394,0.378788,-1,-1
115378178,0,12.7696,24,0.532067,0.266033,0.532067,-1,-1
116768508,0,5.754,20,0.2877,0.14385,0.2877,-1,-1
117341432,0,1.6,12,0.133333,0.0666667,0.133333,-1,-1
117366399,0,12.1236,33,0.367382,0.183691,0.367382,-1,-1
118672200,0,6.14134,16,0.383834,0.191917,0.383834,-1,-1
121817564,0,36.3811,86,0.423036,0.211518,0.423036,-1,-1
122195535,0,10.7985,27,0.399944,0.199972,0.399944,-1,-1
122448174,0,44.4039,119,0.373142,0.186571,0.373142,-1,-1
122557484,0,4.21863,13,0.32451,0.162255,0.32451,-1,-1
122928586,0,26.5949,61,0.435982,0.217991,0.435982,-1,-1
123661002,0,0,1,0,0,0,-1,-1
123979525,0,5.4433,26,0.209358,0.104679,0.209358,-1,-1
125753608,0,0,0,0,0,0,-1,-1
128216887,0,9.48299,25,0.37932,0.18966,0.37932,-1,-1
128364810,0,0.333333,5,0.0666666,0.0333333,0.0666666,-1,-1
129051309,0,8.74482,22,0.397492,0.198746,0.397492,-1,-1
129673790,0.8,35.3532,84,0.420871,0.610436,0.8,1,1
129880735,0,8.75,19,0.460526,0.230263,0.460526,-1,-1
130134724,0,14.7504,24,0.6146,0.3073,0.6146,-1,-1
130184065,0,13.1638,34,0.387171,0.193585,0.387171,-1,-1
130468394,0,2.28571,3,0.761903,0.380952,0.761903,0,-1
130557513,0,21.8626,71,0.307924,0.153962,0.307924,-1,-1
130778462,0,5.64885,13,0.434527,0.217263,0.434527,-1,-1
132162464,0,0.615385,2,0.307692,0.153846,0.307692,-1,-1
134196350,0.4,6.5481,15,0.43654,0.41827,0.4,0,-1
134293369,0,14.3669,30,0.478897,0.239448,0.478897,-1,-1
134758540,0,20.5067,46,0.445798,0.222899,0.445798,-1,-1
136004952,0,4.79215,12,0.399346,0.199673,0.399346,-1,-1
136359464,0,4.44762,22,0.202165,0.101082,0.202165,-1,-1
138749160,0,6.633,20,0.33165,0.165825,0.33165,-1,-1
138787319,0,24.5043,58,0.422488,0.211244,0.422488,-1,-1
140149359,0,13.8337,27,0.512359,0.25618,0.512359,-1,-1
140222976,0,29.9609,88,0.340465,0.170232,0.340465,-1,-1
140955302,0,13.3287,49,0.272014,0.136007,0.272014,-1,-1
141255641,0,0,1,0,0,0,-1,-1
142375993,0,6.59171,17,0.387748,0.193874,0.387748,-1,-1
142696824,0,1.33333,5,0.266666,0.133333,0.266666,-1,-1
143145579,0,4.54927,10,0.454927,0.227463,0.454927,-1,-1
144301368,0,5.458,23,0.237304,0.118652,0.237304,-1,-1
144313594,0,6.60383,15,0.440255,0.220128,0.440255,-1,-1
146218381,0,8.49166,19,0.446929,0.223465,0.446929,-1,-1
147580943,0,3.70968,12,0.30914,0.15457,0.30914,-1,-1
147994804,0,2.9,14,0.207143,0.103571,0.207143,-1,-1
148653311,0,11.3333,21,0.539681,0.26984,0.539681,-1,-1
149913262,0,1.5,11,0.136364,0.0681818,0.136364,-1,-1
150400398,0,6.37504,21,0.303573,0.151787,0.303573,-1,-1
151432737,0,7.88779,24,0.328658,0.164329,0.328658,-1,-1
152478151,0,0.666667,5,0.133333,0.0666667,0.133333,-1,-1
152646096,0,3.2,9,0.355556,0.177778,0.355556,-1,-1
152797988,0,17.4082,49,0.355269,0.177635,0.355269,-1,-1
153029181,0,28.7461,77,0.373326,0.186663,0.373326,-1,-1
154066182,0,15.5707,39,0.399249,0.199624,0.399249,-1,-1
154485832,0,14.0367,34,0.412844,0.206422,0.412844,-1,-1
155620461,0,1.61111,8,0.201389,0.100694,0.201389,-1,-1
155899869,0,6.96597,18,0.386998,0.193499,0.386998,-1,-1
157009365,0,27.4304,64,0.4286,0.2143,0.4286,-1,-1
157449860,0,14.8105,27,0.548537,0.274269,0.548537,-1,-1
158848407,0,7.79909,19,0.410478,0.205239,0.410478,-1,-1
159491022,0,15.6863,49,0.320129,0.160064,0.320129,-1,-1
162622769,0,0.333333,3,0.111111,0.0555555,0.111111,-1,-1
163718817,0,18.4895,37,0.499717,0.249858,0.499717,-1,-1
164397041,0,36.5234,67,0.545126,0.272563,0.545126,-1,-1
166002047,0,7.10161,22,0.3228,0.1614,0.3228,-1,-1
166109668,0,8.66666,21,0.412698,0.206349,0.412698,-1,-1
166207058,0,3.77662,14,0.269759,0.134879,0.269759,-1,-1
166233427,0,5.16667,9,0.574074,0.287037,0.574074,-1,-1
166612219,0,12.5347,32,0.391709,0.195855,0.391709,-1,-1
167494843,0,0.380952,4,0.095238,0.047619,0.095238,-1,-1
167848621,0,13.6525,39,0.350064,0.175032,0.350064,-1,-1
168376502,0,26.1124,53,0.492687,0.246344,0.492687,-1,-1
168828976,0,8.99689,30,0.299896,0.149948,0.299896,-1,-1
169272033,0,16.8042,34,0.494241,0.247121,0.494241,-1,-1
170998795,0,0,9,0,0,0,-1,-1
171953871,0,1,10,0.1,0.05,0.1,-1,-1
174253648,0,8.45675,23,0.367685,0.183842,0.367685,-1,-1
175553686,0,14.7773,40,0.369433,0.184716,0.369433,-1,-1
175954697,0,1.5,5,0.3,0.15,0.3,-1,-1
179732982,1,28.6573,115,0.249194,0.624597,1,1,1
180171266,0,9.69587,32,0.302996,0.151498,0.302996,-1,-1
180414031,0,17.8147,40,0.445367,0.222684,0.445367,-1,-1
182091416,0,0,0,0,0,0,-1,-1
182593031,0,0.780952,5,0.15619,0.0780952,0.15619,-1,-1
183767243,0,16.3842,44,0.372368,0.186184,0.372368,-1,-1
184536237,0,2.16666,10,0.216666,0.108333,0.216666,-1,-1
186688764,0,1,3,0.333333,0.166667,0.333333,-1,-1
187303839,0,1,2,0.5,0.25,0.5,-1,-1
189097725,0,0,0,0,0,0,-1,-1
189118361,0,21.797,60,0.363283,0.181642,0.363283,-1,-1
189264135,0,0,4,0,0,0,-1,-1
191890805,0,1.05,3,0.35,0.175,0.35,-1,-1
192369449,0,7.93333,14,0.566666,0.283333,0.566666,-1,-1
194042592,0,22.4819,50,0.449638,0.224819,0.449638,-1,-1
196994616,0,4.03333,16,0.252083,0.126042,0.252083,-1,-1
199721359,0,17.906,43,0.416419,0.208209,0.416419,-1,-1
201669414,0,0,0,0,0,0,-1,-1
203123011,0.72,17.1514,34,0.504453,0.612226,0.72,1,1
203291638,0,0,0,0,0,0,-1,-1
204089551,0,2.35556,7,0.336508,0.168254,0.336508,-1,-1
205242337,0.666667,25.6405,49,0.523276,0.594971,0.666667,1,1
206979151,0,1,5,0.2,0.1,0.2,-1,-1
207441433,0,17.7594,43,0.413009,0.206505,0.413009,-1,-1
207985340,0,5.525,16,0.345313,0.172656,0.345313,-1,-1
208019751,0,2.41038,10,0.241038,0.120519,0.241038,-1,-1
209176493,0,24.3452,72,0.338128,0.169064,0.338128,-1,-1
210556794,0,20.1054,46,0.437074,0.218537,0.437074,-1,-1
210951599,0,19.0167,35,0.543334,0.271667,0.543334,-1,-1
212369763,0,22.1867,58,0.382529,0.191265,0.382529,-1,-1
213326209,0,15.1956,47,0.323311,0.161655,0.323311,-1,-1
214007688,1,46.4987,84,0.553556,0.776778,1,1,1
214205356,0,6.81626,23,0.296359,0.14818,0.296359,-1,-1
214672289,0,4.76029,20,0.238015,0.119007,0.238015,-1,-1
214916802,0,14.08,45,0.312889,0.156444,0.312889,-1,-1
215598844,0,3.97105,13,0.305465,0.152733,0.305465,-1,-1
215957468,0,1,1,1,0.5,1,0,1
216299334,0.5,15.0571,38,0.396239,0.44812,0.5,0,-1
217758017,0,11.7225,38,0.308487,0.154243,0.308487,-1,-1
218118150,0,16.2135,40,0.405337,0.202669,0.405337,-1,-1
219345607,0,5.98889,30,0.19963,0.0998148,0.19963,-1,-1
220081875,0,22.2323,50,0.444646,0.222323,0.444646,-1,-1
220416676,0,7.56698,17,0.445116,0.222558,0.445116,-1,-1
221082507,0,1.81159,5,0.362319,0.181159,0.362319,-1,-1
221517172,0,21.2976,50,0.425952,0.212976,0.425952,-1,-1
222471144,0,12.8795,45,0.286211,0.143106,0.286211,-1,-1
222556688,0,9.86048,33,0.298802,0.149401,0.298802,-1,-1
224653925,0,0.878261,3,0.292754,0.146377,0.292754,-1,-1
224682566,0,19.0611,52,0.36656,0.18328,0.36656,-1,-1
225227311,1,8.67134,18,0.481741,0.740871,1,1,1
225235528,0.285714,8.80545,43,0.204778,0.245246,0.285714,-1,-1
225382649,0,0,0,0,0,0,-1,-1
226344539,0,6.97134,21,0.331969,0.165984,0.331969,-1,-1
227088399,0,7.47504,12,0.62292,0.31146,0.62292,-1,-1
227387658,0,1,7,0.142857,0.0714286,0.142857,-1,-1
227568015,0,0.6,1,0.6,0.3,0.6,-1,-1
227837742,0.25,7.59643,12,0.633036,0.441518,0.25,0,-1
228480162,0,0,1,0,0,0,-1,-1
228871317,0,2.55744,10,0.255744,0.127872,0.255744,-1,-1
230787751,0,75.0485,175,0.428849,0.214424,0.428849,-1,-1
232235048,0,2.66667,6,0.444445,0.222223,0.444445,-1,-1
233533968,0,0,1,0,0,0,-1,-1
236488883,0.75,34.215,66,0.518409,0.634205,0.75,1,1
238575113,0,2.11111,15,0.140741,0.0703703,0.140741,-1,-1
239170356,0,22.0384,66,0.333915,0.166958,0.333915,-1,-1
239503657,0,38.0831,88,0.432763,0.216381,0.432763,-1,-1
239512089,0,7.23878,14,0.517056,0.258528,0.517056,-1,-1
239825437,0,3.82458,17,0.224975,0.112488,0.224975,-1,-1
239885144,0,4.12416,19,0.217061,0.108531,0.217061,-1,-1
239964092,0,7.54911,15,0.503274,0.251637,0.503274,-1,-1
240028072,1,8.83538,26,0.339822,0.669911,1,1,1
241699458,0,7.16503,39,0.183719,0.0918594,0.183719,-1,-1
242314631,0,22.5017,63,0.35717,0.178585,0.35717,-1,-1
242653461,0,1.37466,3,0.458221,0.22911,0.458221,-1,-1
243094509,0,4.41412,17,0.259654,0.129827,0.259654,-1,-1
243249906,0,0,1,0,0,0,-1,-1
243318995,0,25.0271,48,0.521398,0.260699,0.521398,-1,-1
243393079,0,23.5021,45,0.522269,0.261134,0.522269,-1,-1
244181007,0,0.4,3,0.133333,0.0666667,0.133333,-1,-1
245326395,0,6.29957,23,0.273894,0.136947,0.273894,-1,-1
245354027,0,0,0,0,0,0,-1,-1
245784511,0,84.3619,201,0.419711,0.209855,0.419711,-1,-1
246532728,0,6.4,17,0.376471,0.188235,0.376471,-1,-1
246758084,0,2.25047,7,0.321496,0.160748,0.321496,-1,-1
246860689,0,8.489,19,0.44679,0.223395,0.44679,-1,-1
247695869,0,1,1,1,0.5,1,0,1
249108233,0,25.6409,55,0.466198,0.233099,0.466198,-1,-1
250056239,0,3.01012,9,0.334458,0.167229,0.334458,-1,-1
250603308,0,20.1567,57,0.353626,0.176813,0.353626,-1,-1
254433349,0,19.9187,77,0.258685,0.129342,0.258685,-1,-1
254507476,0,41.978,90,0.466422,0.233211,0.466422,-1,-1
254873869,0.333333,39.7806,109,0.36496,0.349146,0.333333,-1,-1
255527829,0,20.896,53,0.394264,0.197132,0.394264,-1,-1
256009120,0,3.73333,14,0.266666,0.133333,0.266666,-1,-1
256413041,0,3.87484,10,0.387484,0.193742,0.387484,-1,-1
256495314,0,23.4211,59,0.396968,0.198484,0.396968,-1,-1
257747817,0,12.2924,28,0.439014,0.219507,0.439014,-1,-1
257824868,0,21.0164,59,0.35621,0.178105,0.35621,-1,-1
259323371,0,16.4998,31,0.532252,0.266126,0.532252,-1,-1
260661314,0,0,0,0,0,0,-1,-1
265321840,0,0.833333,4,0.208333,0.104167,0.208333,-1,-1
265504987,0,1.47826,3,0.492754,0.246377,0.492754,-1,-1
266073503,0,9.229,34,0.271441,0.135721,0.271441,-1,-1
266081078,0,0,5,0,0,0,-1,-1
267855388,0,1.06667,3,0.355556,0.177778,0.355556,-1,-1
268476335,1,8.23683,20,0.411841,0.705921,1,1,1
268662889,1,5.56296,26,0.21396,0.60698,1,1,1
268866184,0,14.5278,25,0.581111,0.290556,0.581111,-1,-1
270016438,0,2.49007,10,0.249007,0.124503,0.249007,-1,-1
270412323,0,3.38528,10,0.338528,0.169264,0.338528,-1,-1
270569708,0,25.4815,67,0.380321,0.190161,0.380321,-1,-1
271413771,0.25,23.4838,58,0.404893,0.327447,0.25,-1,-1
272388054,0,33.2756,87,0.382478,0.191239,0.382478,-1,-1
273581084,0,33.5843,67,0.501258,0.250629,0.501258,-1,-1
274658121,0,4.18039,18,0.232244,0.116122,0.232244,-1,-1
275686563,0,1,2,0.5,0.25,0.5,-1,-1
277501298,0,29.0753,68,0.427578,0.213789,0.427578,-1,-1
280346532,0,0,0,0,0,0,-1,-1
282670739,0,15.8,24,0.658333,0.329167,0.658333,-1,-1
282977213,0,10.9641,38,0.288529,0.144265,0.288529,-1,-1
283217942,0,1.61845,5,0.32369,0.161845,0.32369,-1,-1
283411624,0,8.87725,20,0.443863,0.221931,0.443863,-1,-1
283632721,0,2.61713,8,0.327141,0.163571,0.327141,-1,-1
283640557,0,8.68516,24,0.361882,0.180941,0.361882,-1,-1
283969754,0,6.28178,18,0.348988,0.174494,0.348988,-1,-1
288755234,0,15.2333,39,0.390597,0.195299,0.390597,-1,-1
289998339,0.6,46.4369,102,0.455264,0.527632,0.6,0,1
292765961,0,12.2746,41,0.29938,0.14969,0.29938,-1,-1
292777349,0.809524,17.2123,48,0.35859,0.584057,0.809524,1,1
295431169,0,4.625,14,0.330357,0.165179,0.330357,-1,-1
296894515,0,9.51927,29,0.328251,0.164125,0.328251,-1,-1
297325085,0,43.2126,101,0.427848,0.213924,0.427848,-1,-1
297690193,0,19.1091,47,0.406577,0.203288,0.406577,-1,-1
299294766,0,41.066,87,0.472023,0.236012,0.472023,-1,-1
299378671,0,12.1448,30,0.404827,0.202413,0.404827,-1,-1
299416026,0,19.6097,42,0.466898,0.233449,0.466898,-1,-1
299734653,0,2,2,1,0.5,1,0,1
302564474,1,6.06438,13,0.466491,0.733245,1,1,1
304029732,0,0,0,0,0,0,-1,-1
305134471,0,18.5881,63,0.295049,0.147525,0.295049,-1,-1
308167013,0,12.5946,41,0.307185,0.153593,0.307185,-1,-1
308439963,0,0,0,0,0,0,-1,-1
309065519,0,2.25,12,0.1875,0.09375,0.1875,-1,-1
309334638,0,4.09689,12,0.341408,0.170704,0.341408,-1,-1
311849071,0,10.9545,40,0.273863,0.136931,0.273863,-1,-1
312696314,0,12.0723,33,0.365827,0.182914,0.365827,-1,-1
313379422,0,17.2286,49,0.351604,0.175802,0.351604,-1,-1
313675516,0,3.25,11,0.295455,0.147727,0.295455,-1,-1
315163250,0,3,5,0.6,0.3,0.6,-1,-1
315878798,0,24.6727,48,0.514015,0.257007,0.514015,-1,-1
320418413,0,12.05,24,0.502084,0.251042,0.502084,-1,-1
320959649,0,7.19359,13,0.553353,0.276677,0.553353,-1,-1
322572436,1,0,0,0,0.5,1,0,1
323188665,0,2.9,7,0.414286,0.207143,0.414286,-1,-1
324962560,0,0,3,0,0,0,-1,-1
328369973,0,0,0,0,0,0,-1,-1
328967731,0,18.4023,47,0.391538,0.195769,0.391538,-1,-1
329121956,0,15.3568,32,0.4799,0.23995,0.4799,-1,-1
330378192,0.5,23.7154,49,0.483988,0.491994,0.5,0,-1
330866062,0,4.37143,9,0.485714,0.242857,0.485714,-1,-1
330906573,0,4.17371,30,0.139124,0.0695618,0.139124,-1,-1
331658004,0,23.6475,62,0.381411,0.190706,0.381411,-1,-1
334715818,0,10.3074,31,0.332497,0.166248,0.332497,-1,-1
335171942,0,0,0,0,0,0,-1,-1
335177549,0,48.129,113,0.42592,0.21296,0.42592,-1,-1
337200920,0,21.5757,53,0.407089,0.203544,0.407089,-1,-1
338335964,0,5.78538,18,0.32141,0.160705,0.32141,-1,-1
338968305,0,8.33333,17,0.490196,0.245098,0.490196,-1,-1
340441440,0,1.16667,5,0.233334,0.116667,0.233334,-1,-1
342309995,0,19.7,56,0.351786,0.175893,0.351786,-1,-1
344281070,0,0,0,0,0,0,-1,-1
344613908,0,81.4407,170,0.479063,0.239531,0.479063,-1,-1
345588852,0,0,1,0,0,0,-1,-1
350341283,0,2.53333,5,0.506667,0.253333,0.506667,-1,-1
351120282,1,62.2522,149,0.4178,0.7089,1,1,1
352036858,0,2.08,5,0.416,0.208,0.416,-1,-1
353796254,0,0,0,0,0,0,-1,-1
354574790,0,7.00881,25,0.280352,0.140176,0.280352,-1,-1
356026306,0,10.8042,33,0.3274,0.1637,0.3274,-1,-1
357430585,0,2.24958,7,0.321369,0.160684,0.321369,-1,-1
357584312,0,13.6576,35,0.390217,0.195109,0.390217,-1,-1
358127438,0,5.47778,23,0.238164,0.119082,0.238164,-1,-1
358204197,0,28.4365,65,0.437485,0.218742,0.437485,-1,-1
362144301,0,2.81038,12,0.234198,0.117099,0.234198,-1,-1
364930669,0,2.15,6,0.358333,0.179167,0.358333,-1,-1
365939318,0,1.73333,3,0.577778,0.288889,0.577778,-1,-1
366819502,0,31.0656,68,0.456847,0.228424,0.456847,-1,-1
367044023,0,1,2,0.5,0.25,0.5,-1,-1
367709007,0,16.0947,34,0.473374,0.236687,0.473374,-1,-1
368196789,0,0.576923,2,0.288462,0.144231,0.288462,-1,-1
372502604,1,1.61111,2,0.805556,0.902778,1,1,1
373024636,0,10.3229,31,0.332997,0.166498,0.332997,-1,-1
373416209,0,7.56149,21,0.360071,0.180035,0.360071,-1,-1
373564351,0,17.1434,45,0.380964,0.190482,0.380964,-1,-1
373783051,0.4,15.5227,34,0.456551,0.428275,0.4,0,-1
374712154,0,24.4916,62,0.395026,0.197513,0.395026,-1,-1
380285402,0,36.6851,76,0.482699,0.241349,0.482699,-1,-1
380648579,0.615385,3,4,0.75,0.682693,0.615385,1,1
382051315,0,0,1,0,0,0,-1,-1
383685824,0,2,2,1,0.5,1,0,1
384455157,0,0,0,0,0,0,-1,-1
384779793,0,3.54134,7,0.505905,0.252953,0.505905,-1,-1
385093141,0,5.55111,14,0.396508,0.198254,0.396508,-1,-1
385867551,0,0,5,0,0,0,-1,-1
392317014,0,6.708,12,0.559,0.2795,0.559,-1,-1
394686596,0,1.66038,3,0.553459,0.276729,0.553459,-1,-1
397756361,0,0,2,0,0,0,-1,-1
403338386,0,25.5346,77,0.331618,0.165809,0.331618,-1,-1
403576718,0,1.75,8,0.21875,0.109375,0.21875,-1,-1
403584093,0,1,2,0.5,0.25,0.5,-1,-1
407779393,0,7.45072,11,0.677338,0.338669,0.677338,-1,-1
408200652,0,11.5666,24,0.481942,0.240971,0.481942,-1,-1
413157362,0,22.8547,52,0.439513,0.219757,0.439513,-1,-1
415753384,0,1.54861,7,0.22123,0.110615,0.22123,-1,-1
417419122,0,0,0,0,0,0,-1,-1
419520517,0,1.71428,7,0.244897,0.122449,0.244897,-1,-1
420314328,0,0,0,0,0,0,-1,-1
423662810,1,16.8581,48,0.35121,0.675605,1,1,1
428140124,0,16.33,26,0.628077,0.314038,0.628077,-1,-1
429533485,0,23.6227,44,0.53688,0.26844,0.53688,-1,-1
429864309,0,4.2999,20,0.214995,0.107497,0.214995,-1,-1
431969214,0,8.23333,11,0.748485,0.374242,0.748485,0,-1
433584049,0,5.61429,14,0.401021,0.20051,0.401021,-1,-1
438355707,0,21.079,49,0.430184,0.215092,0.430184,-1,-1
442653867,0.5,1,4,0.25,0.375,0.5,0,-1
443146128,0,0.205,2,0.1025,0.05125,0.1025,-1,-1
453030125,0,3.01428,12,0.25119,0.125595,0.25119,-1,-1
454099919,0,13.4918,29,0.465234,0.232617,0.465234,-1,-1
458008892,0,6.07262,23,0.264027,0.132013,0.264027,-1,-1
458992712,0,10.7213,29,0.369699,0.184849,0.369699,-1,-1
459390022,0,1.26984,9,0.141094,0.0705468,0.141094,-1,-1
460005853,0,6.08538,20,0.304269,0.152135,0.304269,-1,-1
464829719,0,1.16038,5,0.232075,0.116038,0.232075,-1,-1
464854839,0,25.3449,56,0.452588,0.226294,0.452588,-1,-1
469194846,1,13.75,32,0.429688,0.714844,1,1,1
469509327,1,11.5186,28,0.411379,0.705689,1,1,1
472962312,0,0,0,0,0,0,-1,-1
479793246,0,5,10,0.5,0.25,0.5,-1,-1
480079436,0,3.50595,6,0.584325,0.292163,0.584325,-1,-1
483930658,0,12.1369,27,0.449515,0.224757,0.449515,-1,-1
485861064,0,17.4293,30,0.580977,0.290488,0.580977,-1,-1
487198119,0,0,0,0,0,0,-1,-1
487600344,0,16.3944,54,0.3036,0.1518,0.3036,-1,-1
490339438,0,3,9,0.333333,0.166667,0.333333,-1,-1
491344675,0,6.96538,16,0.435336,0.217668,0.435336,-1,-1
491631309,0,10.1508,29,0.350026,0.175013,0.350026,-1,-1
495464885,0,31.1417,75,0.415223,0.207611,0.415223,-1,-1
498086229,0,4.29824,11,0.390749,0.195375,0.390749,-1,-1
501768982,0,6.66127,15,0.444085,0.222042,0.444085,-1,-1
501987780,0,12.8423,36,0.356731,0.178365,0.356731,-1,-1
503681629,0,0,1,0,0,0,-1,-1
506429053,0,0.5,3,0.166667,0.0833333,0.166667,-1,-1
513159493,0,16.7264,42,0.398248,0.199124,0.398248,-1,-1
514019413,0,43.8032,105,0.417173,0.208587,0.417173,-1,-1
518991950,0,3.62398,10,0.362398,0.181199,0.362398,-1,-1
520011678,0,7.75921,18,0.431067,0.215534,0.431067,-1,-1
522285305,0,0,2,0,0,0,-1,-1
524545961,0,4.78333,20,0.239166,0.119583,0.239166,-1,-1
531902156,0,2.75676,4,0.68919,0.344595,0.68919,-1,-1
532779460,0,2.33333,8,0.291667,0.145833,0.291667,-1,-1
538031518,0,2.61111,9,0.290123,0.145062,0.290123,-1,-1
538434730,0,1,7,0.142857,0.0714286,0.142857,-1,-1
538467434,0,7.76509,19,0.408689,0.204344,0.408689,-1,-1
538761714,0,2.20595,7,0.315136,0.157568,0.315136,-1,-1
540628749,0,5.20326,17,0.306074,0.153037,0.306074,-1,-1
546749928,0,8.33967,15,0.555978,0.277989,0.555978,-1,-1
556633808,0,5.40417,16,0.337761,0.16888,0.337761,-1,-1
557872038,0,0,3,0,0,0,-1,-1
558040899,0,6.6785,23,0.29037,0.145185,0.29037,-1,-1
563108711,0,1.79199,15,0.119466,0.059733,0.119466,-1,-1
566312210,0,0,0,0,0,0,-1,-1
568143078,0,2.66985,8,0.333731,0.166865,0.333731,-1,-1
574701065,0,21.6615,61,0.355107,0.177553,0.355107,-1,-1
583697870,0,15.5742,40,0.389355,0.194678,0.389355,-1,-1
585612126,0,8.76245,18,0.486803,0.243401,0.486803,-1,-1
589010907,0,1.86539,4,0.466346,0.233173,0.466346,-1,-1
605283640,0,8.06244,13,0.620188,0.310094,0.620188,-1,-1
607082634,0,0,0,0,0,0,-1,-1
607946179,0,39.6692,98,0.404788,0.202394,0.404788,-1,-1
611585332,0,7.49205,18,0.416225,0.208113,0.416225,-1,-1
612419570,0,0.8,1,0.8,0.4,0.8,0,-1
614722543,0,8.71859,25,0.348744,0.174372,0.348744,-1,-1
615112213,0,0,3,0,0,0,-1,-1
617854798,0,36.7098,83,0.442287,0.221143,0.442287,-1,-1
622888708,0,2,5,0.4,0.2,0.4,-1,-1
625739552,0,1,3,0.333333,0.166667,0.333333,-1,-1
634454063,0,6.1679,20,0.308395,0.154197,0.308395,-1,-1
635608354,0.75,11.4904,24,0.478765,0.614383,0.75,1,1
716490715,0,1.5,7,0.214286,0.107143,0.214286,-1,-1
718294442,0,15.0636,39,0.386246,0.193123,0.386246,-1,-1
732393506,0,7.93105,18,0.440614,0.220307,0.440614,-1,-1
733838438,0,3.69905,16,0.231191,0.115595,0.231191,-1,-1
747822822,0,19.3429,44,0.439611,0.219806,0.439611,-1,-1
770751798,0,0,2,0,0,0,-1,-1
780024367,0,5.82155,19,0.306397,0.153199,0.306397,-1,-1
793879086,0,21.649,48,0.451021,0.22551,0.451021,-1,-1
801629904,0,10.3167,32,0.322397,0.161198,0.322397,-1,-1
821689608,0,0,2,0,0,0,-1,-1
838673408,0,6.44104,22,0.292775,0.146387,0.292775,-1,-1
852269288,0,4.71333,19,0.24807,0.124035,0.24807,-1,-1
856010760,0,18.4427,38,0.485334,0.242667,0.485334,-1,-1
862374578,0,16.1727,29,0.55768,0.27884,0.55768,-1,-1
864871926,0,0,1,0,0,0,-1,-1
868112707,1,6.57092,9,0.730102,0.865051,1,1,1
873299388,0,6.32418,25,0.252967,0.126484,0.252967,-1,-1
877551276,0,3.31594,17,0.195055,0.0975276,0.195055,-1,-1
893836951,0,0,4,0,0,0,-1,-1
904574947,0,0.333333,3,0.111111,0.0555555,0.111111,-1,-1
918346674,0,0.5,1,0.5,0.25,0.5,-1,-1
919283569,0,0,0,0,0,0,-1,-1
927285830,0,0,1,0,0,0,-1,-1
927818520,0,33.3606,77,0.433255,0.216627,0.433255,-1,-1
940368062,1,20.9227,46,0.454841,0.727421,1,1,1
949254890,0,5.03334,12,0.419445,0.209723,0.419445,-1,-1
952112047,0,21.106,40,0.527651,0.263825,0.527651,-1,-1
957528097,0,2.66038,6,0.443397,0.221698,0.443397,-1,-1
959529762,0,1.18182,3,0.393939,0.19697,0.393939,-1,-1
973005421,0,25.8286,65,0.397363,0.198682,0.397363,-1,-1
1008392934,0,21.6019,38,0.568471,0.284236,0.568471,-1,-1
1008526854,0,15.8245,32,0.494516,0.247258,0.494516,-1,-1
1020058453,0.727273,103.281,213,0.484887,0.60608,0.727273,1,1
1034665663,0,1,4,0.25,0.125,0.25,-1,-1
1053365834,0,1.61111,4,0.402778,0.201389,0.402778,-1,-1
1068121346,0,5.5606,10,0.55606,0.27803,0.55606,-1,-1
1073676020,0,1.8,6,0.3,0.15,0.3,-1,-1
1073802444,0,5.99805,22,0.272639,0.136319,0.272639,-1,-1
1090556088,0,7.4,15,0.493333,0.246667,0.493333,-1,-1
1102984189,0,0,0,0,0,0,-1,-1
1123128290,0,3.97457,12,0.331214,0.165607,0.331214,-1,-1
1125937411,0,10.5,18,0.583333,0.291667,0.583333,-1,-1
1148102359,0,0,6,0,0,0,-1,-1
1172992904,0,39.4973,83,0.475871,0.237936,0.475871,-1,-1
1231224926,0,0.75,8,0.09375,0.046875,0.09375,-1,-1
1250111466,0,2.5,8,0.3125,0.15625,0.3125,-1,-1
1263706735,0,2.14492,11,0.194993,0.0974964,0.194993,-1,-1
1277654299,0,1.57704,7,0.225291,0.112646,0.225291,-1,-1
1280328260,0,6.55556,11,0.59596,0.29798,0.59596,-1,-1
1299769218,0,15.1919,30,0.506397,0.253198,0.506397,-1,-1
1339678076,0,0,0,0,0,0,-1,-1
1362368612,0,24.3666,48,0.507638,0.253819,0.507638,-1,-1
1375289149,0,28.3929,47,0.604104,0.302052,0.604104,-1,-1
1379288282,0,26.381,47,0.561298,0.280649,0.561298,-1,-1
1407822289,0,5.3,17,0.311765,0.155882,0.311765,-1,-1
1408003598,0,1,7,0.142857,0.0714286,0.142857,-1,-1
1452874872,0,3.6392,14,0.259943,0.129971,0.259943,-1,-1
1453546867,0,2.20658,10,0.220658,0.110329,0.220658,-1,-1
1467733123,0,0,0,0,0,0,-1,-1
1488110497,0,2.83538,5,0.567076,0.283538,0.567076,-1,-1
1562935142,0,8.54133,32,0.266917,0.133458,0.266917,-1,-1
1571428436,0,2.22801,7,0.318287,0.159144,0.318287,-1,-1
1626294277,0,26.3899,56,0.471248,0.235624,0.471248,-1,-1
1630896181,0.75,8.09512,29,0.279142,0.514571,0.75,0,1
1634077976,0,35.0226,68,0.515039,0.257519,0.515039,-1,-1
1644897588,0,0,0,0,0,0,-1,-1
1649548520,0,0,8,0,0,0,-1,-1
1649603582,0,2.96667,8,0.370834,0.185417,0.370834,-1,-1
1664343276,0,3.50278,11,0.318435,0.159217,0.318435,-1,-1
1680465068,0,38.0068,67,0.567266,0.283633,0.567266,-1,-1
1695784514,0.5,4.26667,12,0.355556,0.427778,0.5,0,-1
1704140293,0,2.45833,12,0.204861,0.10243,0.204861,-1,-1
1707427058,0,7.54132,27,0.279308,0.139654,0.279308,-1,-1
1725292759,0,3.9873,10,0.39873,0.199365,0.39873,-1,-1
1769646126,0,9.64226,33,0.29219,0.146095,0.29219,-1,-1
1844224638,0,5.43334,11,0.49394,0.24697,0.49394,-1,-1
1851229334,0,0.625,2,0.3125,0.15625,0.3125,-1,-1
1878576403,0,2.33333,6,0.388889,0.194444,0.388889,-1,-1
1905230346,0,2.625,5,0.525,0.2625,0.525,-1,-1
1910701892,0,6.3,20,0.315,0.1575,0.315,-1,-1
1934989190,0,0,7,0,0,0,-1,-1
1957125536,0,22.4152,47,0.476919,0.23846,0.476919,-1,-1
1962860390,0,4.97016,16,0.310635,0.155318,0.310635,-1,-1
2147647676,0,2.99805,6,0.499675,0.249838,0.499675,-1,-1
2160653996,0,0,0,0,0,0,-1,-1
2161051908,0,17.0099,45,0.377998,0.188999,0.377998,-1,-1
2163076560,0.2,4.73333,19,0.249123,0.224561,0.2,-1,-1
2164349064,0,4.23334,10,0.423334,0.211667,0.423334,-1,-1
2175876524,0,2.54167,5,0.508334,0.254167,0.508334,-1,-1
2188165862,0,8.96871,26,0.34495,0.172475,0.34495,-1,-1
2190056023,0,36.5955,100,0.365955,0.182977,0.365955,-1,-1
2197547646,0,0.333333,1,0.333333,0.166666,0.333333,-1,-1
2222123156,0,7.66437,20,0.383219,0.191609,0.383219,-1,-1
2240567468,0,14.1113,26,0.542742,0.271371,0.542742,-1,-1
2248932158,0,44.4404,87,0.510809,0.255405,0.510809,-1,-1
2252610394,0,1,2,0.5,0.25,0.5,-1,-1
2257598532,0,1,1,1,0.5,1,0,1
2270640056,0,0,2,0,0,0,-1,-1
2286056016,0,4.66667,16,0.291667,0.145833,0.291667,-1,-1
2315411725,0,7.95889,19,0.418889,0.209444,0.418889,-1,-1
2324408143,0,11.23,28,0.401072,0.200536,0.401072,-1,-1
2336227399,0,0,0,0,0,0,-1,-1
2345696184,0,14.6783,20,0.733915,0.366957,0.733915,0,-1
2365656804,0,0,0,0,0,0,-1,-1
2365672292,0,0,4,0,0,0,-1,-1
2368811822,0,0,0,0,0,0,-1,-1
2396242676,0,8.09823,19,0.426223,0.213111,0.426223,-1,-1
2402254161,1,0,0,0,0.5,1,0,1
2410816488,0,0,0,0,0,0,-1,-1
2423362904,0,0,0,0,0,0,-1,-1
2434191967,0,11.6447,36,0.323464,0.161732,0.323464,-1,-1
2435652986,0,3.71714,13,0.285934,0.142967,0.285934,-1,-1
2442255489,0,0,0,0,0,0,-1,-1
2453770044,0,1,1,1,0.5,1,0,1
2453781038,0,1,1,1,0.5,1,0,1
2453787236,0,1,1,1,0.5,1,0,1
2453801011,0,1,1,1,0.5,1,0,1
2461887810,0,0.235294,1,0.235294,0.117647,0.235294,-1,-1
2485636243,0,4.08866,13,0.314512,0.157256,0.314512,-1,-1
2502895924,0,18.7727,33,0.56887,0.284435,0.56887,-1,-1
2546562188,0,23.7043,46,0.515311,0.257655,0.515311,-1,-1
2566535282,0.6,37.5217,80,0.469021,0.534511,0.6,0,1
2574072036,0,10.3484,28,0.369586,0.184793,0.369586,-1,-1
2578497883,0,5.66667,10,0.566667,0.283333,0.566667,-1,-1
2579312316,0,14.0547,34,0.413374,0.206687,0.413374,-1,-1
2581857086,0.666667,1,1,1,0.833333,0.666667,1,1
2597413135,0,0,0,0,0,0,-1,-1
2622553496,0,0,2,0,0,0,-1,-1
2653613168,0,0.5,12,0.0416667,0.0208333,0.0416667,-1,-1
2736449935,0,18.6094,50,0.372188,0.186094,0.372188,-1,-1
2748686820,0,3.7,12,0.308334,0.154167,0.308334,-1,-1
2758691533,0,3.10482,7,0.443546,0.221773,0.443546,-1,-1
2772386567,0,0,0,0,0,0,-1,-1
2779009591,1,25.4423,47,0.541326,0.770663,1,1,1
2789038870,0,6.39394,13,0.491842,0.245921,0.491842,-1,-1
2808121994,0,0,0,0,0,0,-1,-1
2811909217,0,35.7596,82,0.436093,0.218046,0.436093,-1,-1
2826814674,0,0,1,0,0,0,-1,-1
2832246523,0,0,1,0,0,0,-1,-1
2836941830,1,8.25833,16,0.516146,0.758073,1,1,1
2844537888,0,0,1,0,0,0,-1,-1
2869449584,0,0,0,0,0,0,-1,-1
2873131525,0,0,0,0,0,0,-1,-1
2873653153,0,0,0,0,0,0,-1,-1
2878770595,0,0,0,0,0,0,-1,-1
2879114551,0,0,0,0,0,0,-1,-1
2882008626,0,0,0,0,0,0,-1,-1
2883734737,0,0,0,0,0,0,-1,-1
2886154223,0,0,0,0,0,0,-1,-1
2889324884,0,0,0,0,0,0,-1,-1
2891439673,0,0,0,0,0,0,-1,-1
2924591292,0,10.0299,19,0.527891,0.263946,0.527891,-1,-1
2927067043,0,5.67267,12,0.472723,0.236361,0.472723,-1,-1
2955319510,0,0,0,0,0,0,-1,-1
2966351008,0,0,0,0,0,0,-1,-1
