userid,rcount,nrcount,rumour_ratio,user_status
58,0,1,0,NULL
2426,0,1,0,NULL
4816,0,1,0,NULL
13374,0,1,0,NULL
36823,0,1,0,NULL
428333,24,19,0.55814,NULL
465973,0,2,0,NULL
612473,0,2,0,NULL
624413,0,1,0,NULL
628073,0,1,0,NULL
645503,0,1,0,NULL
646483,0,1,0,NULL
742143,9,18,0.333333,NULL
755113,0,1,0,NULL
759251,6,14,0.3,NULL
786764,0,2,0,NULL
788524,4,8,0.333333,NULL
806133,0,1,0,NULL
807095,7,21,0.25,NULL
807242,0,1,0,NULL
820585,0,1,0,NULL
824157,0,1,0,NULL
972651,13,14,0.481481,NULL
1077971,0,1,0,NULL
1140451,1,0,1,NULL
1344951,1,1,0.5,NULL
1367531,25,16,0.609756,NULL
1496971,1,0,1,NULL
1652541,10,9,0.526316,NULL
1716581,8,13,0.380952,NULL
1877831,0,5,0,NULL
1947301,0,3,0,NULL
1994321,14,9,0.608696,NULL
2097571,17,24,0.414634,NULL
2195241,0,1,0,NULL
2467791,2,6,0.25,NULL
2768501,15,11,0.576923,NULL
2836421,1,1,0.5,NULL
2884771,2,4,0.333333,NULL
3108351,22,36,0.37931,NULL
3497941,2,0,1,NULL
3684431,1,0,1,NULL
3806691,1,0,1,NULL
4033561,1,0,1,NULL
4126501,0,1,0,NULL
4207961,0,1,0,NULL
4465521,0,1,0,NULL
4970411,3,6,0.333333,NULL
5392522,1,0,1,NULL
5402612,45,31,0.592105,NULL
5513002,1,8,0.111111,NULL
5695632,1,2,0.333333,NULL
5698002,0,1,0,NULL
5858532,0,1,0,NULL
5867842,1,1,0.5,NULL
5943072,4,5,0.444444,NULL
5971922,0,2,0,NULL
5988062,0,3,0,NULL
6017542,18,9,0.666667,NULL
6039302,0,1,0,NULL
6107422,0,3,0,NULL
6134882,0,1,0,NULL
6160792,0,1,0,NULL
6246092,0,1,0,NULL
6267962,0,1,0,NULL
6273552,0,1,0,NULL
6361512,0,1,0,NULL
6433472,1,1,0.5,NULL
6473022,0,3,0,NULL
6482142,1,0,1,NULL
6591312,3,0,1,NULL
6705042,0,1,0,NULL
7197752,0,1,0,NULL
7214972,1,0,1,NULL
7309052,4,1,0.8,NULL
7401202,0,1,0,NULL
7587032,43,41,0.511905,NULL
7589572,1,4,0.2,NULL
7607852,0,2,0,NULL
7702542,0,5,0,NULL
7744592,2,6,0.25,NULL
7768402,0,11,0,NULL
7779462,0,1,0,NULL
7874982,0,1,0,NULL
7993262,0,1,0,NULL
8071902,0,2,0,NULL
8161232,0,1,0,NULL
8170292,0,1,0,NULL
8197942,1,1,0.5,NULL
8320162,0,1,0,NULL
8330472,0,1,0,NULL
8350912,2,1,0.666667,NULL
8475532,1,0,1,NULL
8547752,0,1,0,NULL
8839632,0,1,0,NULL
8973062,1,0,1,NULL
9207632,0,1,0,NULL
9235982,1,0,1,NULL
9295502,0,1,0,NULL
9411482,0,1,0,NULL
9487272,0,1,0,NULL
9507342,2,1,0.666667,NULL
9517882,0,1,0,NULL
9609632,7,3,0.7,NULL
9624742,0,1,0,NULL
9648652,1,0,1,NULL
9651232,3,1,0.75,NULL
9763482,1,0,1,NULL
9890492,0,1,0,NULL
10102272,0,1,0,NULL
10168082,1,0,1,NULL
10313752,0,1,0,NULL
10703412,0,1,0,NULL
10876852,0,1,0,NULL
11018152,0,1,0,NULL
11203972,0,1,0,NULL
11265832,0,5,0,NULL
11345012,0,1,0,NULL
11741632,0,1,0,NULL
11793022,0,1,0,NULL
12004852,2,2,0.5,NULL
12442992,0,1,0,NULL
12520212,1,0,1,NULL
12579352,1,1,0.5,NULL
12716032,0,1,0,NULL
12811952,0,1,0,NULL
12848262,1,1,0.5,NULL
12858902,0,1,0,NULL
13049362,2,1,0.666667,NULL
13393052,0,9,0,NULL
13493302,0,1,0,NULL
13496142,0,3,0,NULL
13557782,0,1,0,NULL
13557972,1,1,0.5,NULL
13753642,0,1,0,NULL
13829772,0,1,0,NULL
14082466,0,1,0,NULL
14085040,0,1,0,NULL
14090948,7,95,0.0686274,NULL
14095052,0,3,0,NULL
14098166,0,1,0,NULL
14123751,0,1,0,NULL
14138785,5,6,0.454545,NULL
14155907,2,2,0.5,NULL
14159148,0,1,0,NULL
14173315,20,17,0.540541,NULL
14200367,0,1,0,NULL
14224719,0,1,0,NULL
14231313,0,1,0,NULL
14260960,0,2,0,NULL
14264854,0,1,0,NULL
14267557,0,3,0,NULL
14275129,0,1,0,NULL
14287669,0,1,0,NULL
14289923,1,0,1,NULL
14291684,0,1,0,NULL
14293310,5,11,0.3125,NULL
14316371,0,1,0,NULL
14319105,0,1,0,NULL
14321959,0,3,0,NULL
14353202,0,1,0,NULL
14372486,0,1,0,NULL
14392559,0,1,0,NULL
14401607,1,1,0.5,NULL
14404725,0,1,0,NULL
14413869,0,1,0,NULL
14437914,0,1,0,NULL
14460241,2,1,0.666667,NULL
14464766,3,1,0.75,NULL
14465607,0,1,0,NULL
14485018,0,1,0,NULL
14503124,0,1,0,NULL
14511951,4,5,0.444444,NULL
14515799,1,1,0.5,NULL
14521106,0,1,0,NULL
14526877,0,2,0,NULL
14550221,0,1,0,NULL
14560097,1,0,1,NULL
14569869,5,1,0.833333,NULL
14588748,0,1,0,NULL
14599545,1,0,1,NULL
14606079,0,2,0,NULL
14609435,0,1,0,NULL
14675395,0,1,0,NULL
14677919,0,3,0,NULL
14697575,0,1,0,NULL
14700117,0,1,0,NULL
14700316,0,2,0,NULL
14715424,0,4,0,NULL
14717197,4,2,0.666667,NULL
14722589,3,1,0.75,NULL
14722676,0,1,0,NULL
14764240,0,1,0,NULL
14765253,0,1,0,NULL
14782581,0,1,0,NULL
14788739,0,1,0,NULL
14806497,1,0,1,NULL
14831475,0,1,0,NULL
14849562,0,14,0,NULL
14855994,0,1,0,NULL
14888597,0,1,0,NULL
14892330,0,1,0,NULL
14892665,0,1,0,NULL
14940354,4,5,0.444444,NULL
14997555,1,0,1,NULL
15012486,3,4,0.428571,NULL
15028398,0,1,0,NULL
15037033,1,0,1,NULL
15084853,0,1,0,NULL
15108530,3,0,1,NULL
15108702,2,8,0.2,NULL
15143478,0,2,0,NULL
15164565,1,7,0.125,NULL
15170194,0,1,0,NULL
15179672,0,1,0,NULL
15220768,2,0,1,NULL
15224867,0,1,0,NULL
15232098,0,1,0,NULL
15234407,0,1,0,NULL
15234546,2,1,0.666667,NULL
15235811,0,1,0,NULL
15249499,0,1,0,NULL
15250661,4,4,0.5,NULL
15279429,0,1,0,NULL
15319103,0,1,0,NULL
15348883,0,1,0,NULL
15374755,0,1,0,NULL
15384969,0,2,0,NULL
15400294,2,0,1,NULL
15438913,10,17,0.37037,NULL
15439395,0,5,0,NULL
15446531,0,1,0,NULL
15446551,0,1,0,NULL
15458694,0,1,0,NULL
15486071,0,1,0,NULL
15492359,0,1,0,NULL
15513604,1,3,0.25,NULL
15557246,0,1,0,NULL
15638836,0,1,0,NULL
15644999,0,3,0,NULL
15667291,0,1,0,NULL
15669672,2,0,1,NULL
15727317,3,1,0.75,NULL
15754281,10,10,0.5,NULL
15764415,0,1,0,NULL
15774048,0,1,0,NULL
15798091,0,1,0,NULL
15837659,1,0,1,NULL
15871416,0,1,0,NULL
15888299,0,1,0,NULL
15890403,1,0,1,NULL
15896580,1,1,0.5,NULL
15907183,0,6,0,NULL
15911806,0,1,0,NULL
15932715,0,2,0,NULL
15942075,1,0,1,NULL
15951166,0,1,0,NULL
15951232,1,0,1,NULL
15956067,0,2,0,NULL
15995155,0,1,0,NULL
15996661,3,1,0.75,NULL
16012783,4,6,0.4,NULL
16019070,1,0,1,NULL
16029780,0,1,0,NULL
16031927,2,2,0.5,NULL
16045547,0,1,0,NULL
16055389,0,2,0,NULL
16076032,0,1,0,NULL
16077204,0,1,0,NULL
16080866,0,1,0,NULL
16096416,0,1,0,NULL
16106584,0,2,0,NULL
16116288,3,1,0.75,NULL
16145763,6,1,0.857143,NULL
16150136,1,0,1,NULL
16153562,0,3,0,NULL
16164636,0,3,0,NULL
16170253,0,1,0,NULL
16183458,1,0,1,NULL
16184358,0,2,0,NULL
16198940,0,4,0,NULL
16211566,1,1,0.5,NULL
16215478,1,3,0.25,NULL
16253142,0,2,0,NULL
16269666,1,0,1,NULL
16305558,0,1,0,NULL
16311797,0,1,0,NULL
16330790,0,1,0,NULL
16343974,12,22,0.352941,NULL
16395449,0,1,0,NULL
16416978,0,1,0,NULL
16444025,0,1,0,NULL
16469809,0,2,0,NULL
16513349,1,0,1,NULL
16525194,1,2,0.333333,NULL
16553638,0,1,0,NULL
16560657,0,2,0,NULL
16567644,1,1,0.5,NULL
16589206,3,7,0.3,NULL
16591979,1,0,1,NULL
16593816,1,0,1,NULL
16650570,0,1,0,NULL
16661744,0,1,0,NULL
16664681,1,1,0.5,NULL
16671007,0,1,0,NULL
16672510,0,2,0,NULL
16675569,9,10,0.473684,NULL
16681111,0,1,0,NULL
16683666,0,1,0,NULL
16705804,0,1,0,NULL
16721461,0,1,0,NULL
16725276,0,1,0,NULL
16734909,0,1,0,NULL
16807528,0,2,0,NULL
16811829,0,1,0,NULL
16827148,0,2,0,NULL
16832632,0,1,0,NULL
16834491,0,1,0,NULL
16834659,19,2,0.904762,NULL
16887175,5,3,0.625,NULL
16887934,0,1,0,NULL
16893929,2,0,1,NULL
16900353,0,1,0,NULL
16930489,1,1,0.5,NULL
16931360,0,1,0,NULL
16935292,0,1,0,NULL
16936858,2,2,0.5,NULL
16948493,1,2,0.333333,NULL
16955991,1,2,0.333333,NULL
16960279,0,1,0,NULL
16973333,20,57,0.25974,NULL
16992416,0,2,0,NULL
17001490,0,1,0,NULL
17004618,2,0,1,NULL
17027378,0,1,0,NULL
17029979,0,1,0,NULL
17045133,1,0,1,NULL
17060020,0,1,0,NULL
17068692,0,5,0,NULL
17072206,1,1,0.5,NULL
17073225,0,1,0,NULL
17073325,0,2,0,NULL
17134268,0,2,0,NULL
17152053,2,4,0.333333,NULL
17175213,0,1,0,NULL
17175457,1,0,1,NULL
17316885,0,1,0,NULL
17350250,0,1,0,NULL
17383707,0,1,0,NULL
17387561,0,1,0,NULL
17441447,0,1,0,NULL
17442320,0,1,0,NULL
17447972,0,1,0,NULL
17448965,0,1,0,NULL
17463660,0,1,0,NULL
17469289,2,2,0.5,NULL
17525171,0,2,0,NULL
17527559,0,1,0,NULL
17537467,0,12,0,NULL
17561562,3,0,1,NULL
17641218,0,1,0,NULL
17668544,0,1,0,NULL
17672825,0,3,0,NULL
17693277,0,1,0,NULL
17735875,0,1,0,NULL
17740486,1,0,1,NULL
17741799,0,1,0,NULL
17765045,0,1,0,NULL
17782313,0,1,0,NULL
17895820,1,0,1,NULL
17919393,2,0,1,NULL
17945263,0,1,0,NULL
17974481,0,1,0,NULL
17975190,0,1,0,NULL
17976370,0,1,0,NULL
17983365,0,2,0,NULL
17984709,0,1,0,NULL
17990493,1,0,1,NULL
17994522,0,1,0,NULL
17995040,0,8,0,NULL
18018877,0,1,0,NULL
18021754,0,1,0,NULL
18040230,1,1,0.5,NULL
18040878,0,1,0,NULL
18066812,0,1,0,NULL
18101696,0,1,0,NULL
18119570,1,0,1,NULL
18197912,0,1,0,NULL
18213483,0,1,0,NULL
18278257,0,1,0,NULL
18294906,1,3,0.25,NULL
18309277,0,1,0,NULL
18424289,6,7,0.461538,NULL
18435601,0,1,0,NULL
18441335,0,1,0,NULL
18510860,1,4,0.2,NULL
18511475,0,2,0,NULL
18523773,0,1,0,NULL
18553134,1,0,1,NULL
18560045,0,1,0,NULL
18576537,0,1,0,NULL
18610936,0,2,0,NULL
18622869,0,1,0,NULL
18628451,0,2,0,NULL
18631010,1,3,0.25,NULL
18643437,1,6,0.142857,NULL
18650093,0,3,0,NULL
18655567,1,1,0.5,NULL
18668407,0,1,0,NULL
18696855,0,2,0,NULL
18725815,0,13,0,NULL
18734884,0,1,0,NULL
18839785,0,2,0,NULL
18839937,0,1,0,NULL
18841425,0,1,0,NULL
18909186,0,1,0,NULL
18963809,0,1,0,NULL
18965916,1,1,0.5,NULL
18980276,0,1,0,NULL
18991263,0,1,0,NULL
19017675,0,3,0,NULL
19038934,4,2,0.666667,NULL
19062754,0,1,0,NULL
19088288,0,1,0,NULL
19140457,0,1,0,NULL
19150955,0,1,0,NULL
19160138,1,0,1,NULL
19178965,0,1,0,NULL
19209645,0,3,0,NULL
19211550,1,0,1,NULL
19222164,0,2,0,NULL
19259102,0,1,0,NULL
19278423,1,0,1,NULL
19303691,0,1,0,NULL
19317766,0,3,0,NULL
19318739,1,0,1,NULL
19341389,0,2,0,NULL
19346439,0,3,0,NULL
19348870,0,1,0,NULL
19379616,0,1,0,NULL
19380829,1,0,1,NULL
19391273,0,1,0,NULL
19468168,0,7,0,NULL
19530437,0,1,0,NULL
19533817,0,1,0,NULL
19534873,0,1,0,NULL
19636948,0,1,0,NULL
19662223,1,0,1,NULL
19706851,0,2,0,NULL
19806962,0,1,0,NULL
19814041,0,1,0,NULL
19865053,0,1,0,NULL
19881665,1,0,1,NULL
19897138,0,1,0,NULL
19899606,0,2,0,NULL
19906615,0,1,0,NULL
19915842,0,1,0,NULL
19929890,0,1,0,NULL
19948174,1,0,1,NULL
19968074,0,1,0,NULL
20043786,0,2,0,NULL
20052487,0,2,0,NULL
20098015,0,1,0,NULL
20136892,0,2,0,NULL
20159596,2,3,0.4,NULL
20188930,0,1,0,NULL
20190311,0,1,0,NULL
20197308,0,3,0,NULL
20222791,0,1,0,NULL
20295264,0,1,0,NULL
20304663,0,1,0,NULL
20351594,0,1,0,NULL
20374262,1,0,1,NULL
20375332,0,1,0,NULL
20399735,0,1,0,NULL
20402945,1,1,0.5,NULL
20494730,1,0,1,NULL
20512260,0,1,0,NULL
20548283,0,1,0,NULL
20562637,1,1,0.5,NULL
20598137,1,0,1,NULL
20622594,0,1,0,NULL
20639175,6,4,0.6,NULL
20646711,0,1,0,NULL
20678866,0,2,0,NULL
20748745,0,3,0,NULL
20771519,0,1,0,NULL
20772763,1,2,0.333333,NULL
20779110,0,2,0,NULL
20843894,0,1,0,NULL
20848139,0,1,0,NULL
20878297,0,1,0,NULL
20891396,0,3,0,NULL
20973388,0,2,0,NULL
21123640,1,0,1,NULL
21133007,0,1,0,NULL
21148293,0,1,0,NULL
21182691,0,1,0,NULL
21186391,0,1,0,NULL
21282561,0,2,0,NULL
21291400,1,0,1,NULL
21344944,0,1,0,NULL
21355321,0,1,0,NULL
21360768,0,2,0,NULL
21368060,0,1,0,NULL
21377384,0,1,0,NULL
21401523,0,1,0,NULL
21439144,0,1,0,NULL
21462959,0,1,0,NULL
21467787,0,1,0,NULL
21477475,0,2,0,NULL
21522338,0,1,0,NULL
21548431,1,4,0.2,NULL
21622407,0,1,0,NULL
21638203,0,1,0,NULL
21642733,0,1,0,NULL
21661279,0,1,0,NULL
21728303,1,0,1,NULL
21733692,0,1,0,NULL
21744712,1,3,0.25,NULL
21748597,0,1,0,NULL
21749564,1,1,0.5,NULL
21757965,1,0,1,NULL
21764143,0,1,0,NULL
21785215,0,1,0,NULL
21851493,1,0,1,NULL
21866939,4,2,0.666667,NULL
21879831,4,1,0.8,NULL
21957401,1,0,1,NULL
21998314,0,1,0,NULL
22021978,0,7,0,NULL
22063600,0,1,0,NULL
22092333,0,1,0,NULL
22123727,1,0,1,NULL
22129280,1,0,1,NULL
22138134,1,1,0.5,NULL
22162815,0,1,0,NULL
22240612,2,1,0.666667,NULL
22280546,0,1,0,NULL
22369602,0,1,0,NULL
22416658,0,1,0,NULL
22434517,0,1,0,NULL
22443725,0,1,0,NULL
22479281,0,1,0,NULL
22516998,0,1,0,NULL
22578518,0,1,0,NULL
22594051,1,1,0.5,NULL
22595904,0,1,0,NULL
22634051,0,1,0,NULL
22650211,1,2,0.333333,NULL
22657914,0,1,0,NULL
22662704,0,1,0,NULL
22700526,0,1,0,NULL
22724717,1,0,1,NULL
22737226,0,1,0,NULL
22799750,1,1,0.5,NULL
22800916,0,1,0,NULL
22837285,0,1,0,NULL
22903265,0,3,0,NULL
22931893,1,0,1,NULL
22990962,1,0,1,NULL
22993014,13,2,0.866667,NULL
23041630,0,2,0,NULL
23052167,0,1,0,NULL
23055689,1,0,1,NULL
23125412,0,1,0,NULL
23190207,0,1,0,NULL
23286093,0,1,0,NULL
23293734,0,1,0,NULL
23398730,0,1,0,NULL
23465218,0,1,0,NULL
23569016,0,1,0,NULL
23570520,0,2,0,NULL
23583267,0,1,0,NULL
23645988,0,1,0,NULL
23745072,0,1,0,NULL
23818581,1,1,0.5,NULL
23831448,3,7,0.3,NULL
23835021,0,1,0,NULL
23888081,0,1,0,NULL
23949317,0,1,0,NULL
23950893,1,0,1,NULL
23963789,0,1,0,NULL
23995748,2,4,0.333333,NULL
24000375,0,1,0,NULL
24062457,0,1,0,NULL
24069453,0,1,0,NULL
24127595,0,1,0,NULL
24138795,1,3,0.25,NULL
24157295,0,1,0,NULL
24165761,7,17,0.291667,NULL
24187097,0,1,0,NULL
24202701,1,0,1,NULL
24293233,1,0,1,NULL
24340340,0,1,0,NULL
24500377,0,1,0,NULL
24502450,0,1,0,NULL
24506246,2,4,0.333333,NULL
24668720,0,1,0,NULL
24795163,0,1,0,NULL
24824450,0,1,0,NULL
24872724,0,1,0,NULL
24925027,0,2,0,NULL
25036511,1,0,1,NULL
25049056,7,2,0.777778,NULL
25058787,0,1,0,NULL
25067168,5,2,0.714286,NULL
25106021,0,2,0,NULL
25110374,0,4,0,NULL
25178222,0,1,0,NULL
25180828,0,1,0,NULL
25190181,0,1,0,NULL
25198840,0,1,0,NULL
25210650,3,1,0.75,NULL
25235151,0,1,0,NULL
25236963,0,2,0,NULL
25291723,0,1,0,NULL
25333609,1,0,1,NULL
25360913,1,2,0.333333,NULL
25390350,0,1,0,NULL
25446661,0,1,0,NULL
25545470,1,1,0.5,NULL
25589776,1,0,1,NULL
25675905,0,2,0,NULL
25777812,8,1,0.888889,NULL
25803703,0,1,0,NULL
25808907,0,1,0,NULL
25960136,0,1,0,NULL
25979970,1,0,1,NULL
25999072,1,2,0.333333,NULL
26012202,0,1,0,NULL
26015031,0,1,0,NULL
26032912,0,1,0,NULL
26165922,1,0,1,NULL
26168951,0,1,0,NULL
26192631,0,1,0,NULL
26223583,0,1,0,NULL
26282046,1,0,1,NULL
26362666,0,1,0,NULL
26409050,1,0,1,NULL
26514376,0,2,0,NULL
26559241,0,1,0,NULL
26566469,0,2,0,NULL
26567591,0,2,0,NULL
26574283,2,0,1,NULL
26642006,1,1,0.5,NULL
26654287,0,1,0,NULL
26729931,0,1,0,NULL
26738483,3,0,1,NULL
26792275,0,1,0,NULL
26898420,0,1,0,NULL
26900055,1,0,1,NULL
27067896,0,1,0,NULL
27172787,0,2,0,NULL
27187343,0,1,0,NULL
27376958,0,2,0,NULL
27453886,0,1,0,NULL
27457454,1,4,0.2,NULL
27571535,0,1,0,NULL
27581606,0,1,0,NULL
27698625,0,1,0,NULL
27725199,0,1,0,NULL
27754737,0,4,0,NULL
27761892,0,2,0,NULL
27793335,0,1,0,NULL
27801824,0,2,0,NULL
27831488,2,0,1,NULL
27844479,0,1,0,NULL
27964284,0,1,0,NULL
27966935,0,4,0,NULL
27970347,0,1,0,NULL
27987687,0,1,0,NULL
28096105,0,1,0,NULL
28139873,1,1,0.5,NULL
28197830,0,1,0,NULL
28279637,0,1,0,NULL
28287525,1,0,1,NULL
28390516,0,1,0,NULL
28406270,0,1,0,NULL
28443608,0,2,0,NULL
28673549,0,1,0,NULL
28683184,0,1,0,NULL
28695097,0,1,0,NULL
28785486,23,16,0.589744,NULL
28839148,0,1,0,NULL
28986402,0,1,0,NULL
28987332,0,1,0,NULL
29148666,0,1,0,NULL
29242390,0,1,0,NULL
29330030,2,2,0.5,NULL
29330577,0,1,0,NULL
29465136,0,1,0,NULL
29488489,0,1,0,NULL
29643550,2,0,1,NULL
29898052,1,0,1,NULL
29904219,1,0,1,NULL
29979814,1,4,0.2,NULL
29995782,0,1,0,NULL
30122242,2,0,1,NULL
30138572,0,1,0,NULL
30313925,0,1,0,NULL
30342533,0,1,0,NULL
30357467,1,0,1,NULL
30447805,0,1,0,NULL
30495613,0,1,0,NULL
30599768,0,3,0,NULL
30699754,0,1,0,NULL
30849103,1,0,1,NULL
30886757,0,1,0,NULL
30920579,0,1,0,NULL
30974408,0,1,0,NULL
31069618,0,1,0,NULL
31114386,0,1,0,NULL
31135856,0,4,0,NULL
31351557,0,1,0,NULL
31352434,1,0,1,NULL
31517981,0,1,0,NULL
31540671,0,1,0,NULL
31917160,0,1,0,NULL
32178047,0,1,0,NULL
32272710,1,0,1,NULL
32405126,1,0,1,NULL
32677883,0,1,0,NULL
33092289,0,2,0,NULL
33203801,0,1,0,NULL
33235771,0,2,0,NULL
33315010,0,4,0,NULL
33388399,0,2,0,NULL
33391760,0,1,0,NULL
33464913,0,1,0,NULL
33519870,1,1,0.5,NULL
34002725,0,1,0,NULL
34123611,1,0,1,NULL
34210188,0,1,0,NULL
34262462,2,2,0.5,NULL
34556109,1,0,1,NULL
34655603,0,1,0,NULL
34713362,4,3,0.571429,NULL
34726009,0,1,0,NULL
35051304,0,1,0,NULL
35465596,0,1,0,NULL
35466620,4,1,0.8,NULL
35490978,0,1,0,NULL
35590283,0,1,0,NULL
35773039,0,1,0,NULL
35866054,0,1,0,NULL
36048614,0,1,0,NULL
36093269,0,1,0,NULL
36104673,0,1,0,NULL
36116351,1,0,1,NULL
36252186,0,1,0,NULL
36311109,0,1,0,NULL
36412963,0,1,0,NULL
36487440,1,0,1,NULL
36493412,1,0,1,NULL
36510146,0,1,0,NULL
36623013,0,1,0,NULL
37034483,0,3,0,NULL
37072821,0,1,0,NULL
37074513,0,1,0,NULL
37255058,0,3,0,NULL
37303498,0,1,0,NULL
37459590,0,1,0,NULL
37501003,1,1,0.5,NULL
37628540,0,1,0,NULL
37675954,0,1,0,NULL
37874853,6,0,1,NULL
37881687,1,5,0.166667,NULL
38142380,1,0,1,NULL
38162820,0,1,0,NULL
38291055,0,2,0,NULL
38400130,4,4,0.5,NULL
38708614,0,2,0,NULL
38736974,2,0,1,NULL
38800236,0,1,0,NULL
39599748,0,1,0,NULL
39609732,1,0,1,NULL
39682124,0,1,0,NULL
39750128,1,0,1,NULL
40146181,1,0,1,NULL
40293464,0,1,0,NULL
40641691,0,1,0,NULL
40962194,0,1,0,NULL
40997767,1,1,0.5,NULL
41085467,0,2,0,NULL
41203507,0,1,0,NULL
41204528,0,2,0,NULL
41292655,1,0,1,NULL
41542581,0,1,0,NULL
41747410,0,2,0,NULL
41789292,0,2,0,NULL
41821259,0,1,0,NULL
41925345,0,1,0,NULL
42371615,0,1,0,NULL
42389136,1,1,0.5,NULL
42407972,1,0,1,NULL
42467881,1,1,0.5,NULL
42707719,0,1,0,NULL
42921216,1,2,0.333333,NULL
42938207,0,1,0,NULL
42970367,0,1,0,NULL
42972818,0,1,0,NULL
43182702,0,2,0,NULL
43261344,0,1,0,NULL
43531759,0,1,0,NULL
43568964,0,1,0,NULL
44089820,0,1,0,NULL
44148621,0,1,0,NULL
44317593,0,1,0,NULL
44361097,0,3,0,NULL
44425241,0,1,0,NULL
44544222,0,1,0,NULL
44728980,1,0,1,NULL
44835347,1,4,0.2,NULL
45169955,0,1,0,NULL
45527036,0,1,0,NULL
45564482,0,2,0,NULL
45582904,0,1,0,NULL
45715838,0,1,0,NULL
46017944,0,1,0,NULL
46078438,1,6,0.142857,NULL
46303458,0,1,0,NULL
46335511,0,1,0,NULL
46376581,0,1,0,NULL
46549541,0,2,0,NULL
46562247,1,0,1,NULL
46688460,0,1,0,NULL
46775077,0,1,0,NULL
46822887,4,1,0.8,NULL
47289823,2,1,0.666667,NULL
47318317,0,1,0,NULL
47448886,0,1,0,NULL
47475039,0,4,0,NULL
47596039,0,1,0,NULL
47617445,0,2,0,NULL
47624589,1,6,0.142857,NULL
47685065,0,4,0,NULL
47707475,0,1,0,NULL
47722134,0,2,0,NULL
47942585,0,1,0,NULL
47992292,0,2,0,NULL
48132847,0,1,0,NULL
48290701,0,2,0,NULL
48300067,0,2,0,NULL
48322782,0,1,0,NULL
48626190,1,0,1,NULL
48705816,1,1,0.5,NULL
48743186,0,2,0,NULL
48893763,1,0,1,NULL
48926467,1,0,1,NULL
48956231,3,1,0.75,NULL
49279876,0,1,0,NULL
49444292,0,1,0,NULL
49460512,1,0,1,NULL
49491544,0,1,0,NULL
49591803,1,0,1,NULL
49592004,0,1,0,NULL
49593955,0,1,0,NULL
49595583,0,1,0,NULL
49649077,1,0,1,NULL
49698134,0,1,0,NULL
49811878,0,1,0,NULL
49946953,0,1,0,NULL
50192480,1,0,1,NULL
50221275,0,1,0,NULL
50227161,0,1,0,NULL
50295156,0,1,0,NULL
50306637,0,1,0,NULL
50348344,0,3,0,NULL
50367908,0,2,0,NULL
50682065,0,1,0,NULL
51008528,0,1,0,NULL
51241574,28,15,0.651163,NULL
51330975,0,1,0,NULL
51381252,3,1,0.75,NULL
51440872,0,1,0,NULL
52154385,0,1,0,NULL
52299545,1,1,0.5,NULL
52327900,1,0,1,NULL
52557443,0,1,0,NULL
52660746,0,1,0,NULL
52701676,0,1,0,NULL
52990482,0,1,0,NULL
53044031,0,1,0,NULL
53338746,0,2,0,NULL
53429839,0,1,0,NULL
53503202,0,5,0,NULL
53789862,0,3,0,NULL
54489465,0,1,0,NULL
54756055,0,1,0,NULL
55113967,0,1,0,NULL
55186601,2,2,0.5,NULL
55195680,0,1,0,NULL
55219159,0,1,0,NULL
55911799,0,1,0,NULL
56039856,0,1,0,NULL
56539746,1,0,1,NULL
56760430,0,1,0,NULL
56961858,0,3,0,NULL
57068980,0,1,0,NULL
57945416,1,0,1,NULL
58360124,0,1,0,NULL
58371469,0,1,0,NULL
58467371,0,1,0,NULL
58766083,0,1,0,NULL
58913244,1,0,1,NULL
59042511,1,0,1,NULL
59440137,0,1,0,NULL
59627487,0,1,0,NULL
60022825,0,2,0,NULL
60296618,0,2,0,NULL
60496760,1,0,1,NULL
60937837,0,1,0,NULL
61126132,0,1,0,NULL
61149653,0,1,0,NULL
61336445,0,1,0,NULL
61419696,1,0,1,NULL
61436584,0,1,0,NULL
61451642,0,1,0,NULL
61536089,0,1,0,NULL
62241187,0,1,0,NULL
62510409,1,3,0.25,NULL
63144098,1,0,1,NULL
63362429,1,2,0.333333,NULL
63502107,0,1,0,NULL
63604619,0,1,0,NULL
63863854,0,1,0,NULL
64643056,51,32,0.614458,NULL
64672345,0,1,0,NULL
64933828,1,0,1,NULL
65045121,0,3,0,NULL
65260792,0,1,0,NULL
65375759,0,1,0,NULL
65698096,0,1,0,NULL
65860206,1,3,0.25,NULL
65957957,0,1,0,NULL
66392518,0,1,0,NULL
66533920,0,1,0,NULL
66750855,0,1,0,NULL
66967746,0,1,0,NULL
67197351,0,2,0,NULL
67305394,0,2,0,NULL
67332233,0,1,0,NULL
67345697,1,0,1,NULL
67725191,0,2,0,NULL
67973271,0,1,0,NULL
68413067,0,1,0,NULL
68577152,0,3,0,NULL
69004966,0,6,0,NULL
69181624,0,3,0,NULL
69231187,0,1,0,NULL
69251428,0,1,0,NULL
69329527,1,0,1,NULL
69773058,0,1,0,NULL
69940000,0,1,0,NULL
70255942,0,1,0,NULL
70467062,0,1,0,NULL
70468535,1,0,1,NULL
71271985,0,1,0,NULL
71491041,0,1,0,NULL
71804710,0,2,0,NULL
72073289,0,1,0,NULL
72882689,1,0,1,NULL
73251272,1,0,1,NULL
73716850,2,0,1,NULL
73929665,0,1,0,NULL
74014041,1,0,1,NULL
74144130,1,0,1,NULL
74264602,1,1,0.5,NULL
74361628,1,0,1,NULL
74382140,0,1,0,NULL
74964468,0,1,0,NULL
75060487,0,1,0,NULL
76135109,0,1,0,NULL
76372965,0,1,0,NULL
76388579,0,1,0,NULL
76453835,1,0,1,NULL
76628896,1,1,0.5,NULL
76858507,0,5,0,NULL
77528520,1,1,0.5,NULL
77685623,0,1,0,NULL
78302221,1,0,1,NULL
78584101,0,1,0,NULL
78586909,0,1,0,NULL
78665762,0,1,0,NULL
78706973,0,1,0,NULL
78890225,0,1,0,NULL
79228319,0,1,0,NULL
79238144,0,1,0,NULL
80096994,0,1,0,NULL
80323736,0,1,0,NULL
80803819,0,1,0,NULL
80804103,0,1,0,NULL
80807165,0,1,0,NULL
81139048,0,1,0,NULL
81305054,1,2,0.333333,NULL
81683900,0,1,0,NULL
81825702,0,1,0,NULL
82048287,0,1,0,NULL
82491225,0,1,0,NULL
83310721,0,1,0,NULL
83521919,0,1,0,NULL
83638901,0,3,0,NULL
83687045,0,1,0,NULL
83795099,0,2,0,NULL
84014340,0,1,0,NULL
84652988,0,1,0,NULL
85266441,0,1,0,NULL
85794542,0,1,0,NULL
85867265,0,2,0,NULL
85913912,0,1,0,NULL
86141342,0,2,0,NULL
86516574,0,1,0,NULL
86753745,0,1,0,NULL
86793368,0,1,0,NULL
87012901,0,1,0,NULL
87087057,0,1,0,NULL
87165980,0,1,0,NULL
87261221,1,0,1,NULL
87297341,0,1,0,NULL
87359651,0,1,0,NULL
87416722,29,5,0.852941,NULL
87818409,11,36,0.234043,NULL
88210310,0,1,0,NULL
89185283,0,1,0,NULL
89347280,0,1,0,NULL
89457976,3,0,1,NULL
89741981,0,1,0,NULL
89887215,1,0,1,NULL
90034304,0,1,0,NULL
90202078,0,1,0,NULL
90918950,1,0,1,NULL
91279573,0,1,0,NULL
91334232,0,1,0,NULL
91466927,0,1,0,NULL
91493488,1,0,1,NULL
92181348,0,1,0,NULL
92242282,0,1,0,NULL
92377901,0,1,0,NULL
92771309,2,2,0.5,NULL
93735135,1,0,1,NULL
93766096,0,1,0,NULL
93879982,0,1,0,NULL
94816809,0,1,0,NULL
95148130,1,0,1,NULL
95747671,2,1,0.666667,NULL
96501145,1,0,1,NULL
96625583,0,1,0,NULL
97327765,0,3,0,NULL
97382927,0,1,0,NULL
97474887,0,3,0,NULL
97849124,0,2,0,NULL
98057278,0,1,0,NULL
98250867,0,1,0,NULL
98627870,0,2,0,NULL
99034397,1,0,1,NULL
99211591,0,1,0,NULL
99238190,0,1,0,NULL
99333040,0,2,0,NULL
99786592,0,1,0,NULL
100136358,0,2,0,NULL
100174414,0,1,0,NULL
100629223,1,1,0.5,NULL
100880543,1,0,1,NULL
100936791,2,4,0.333333,NULL
101022951,0,1,0,NULL
101520906,0,1,0,NULL
101677248,0,1,0,NULL
101848151,0,3,0,NULL
102287424,0,1,0,NULL
102401151,0,1,0,NULL
102420077,0,1,0,NULL
103065157,0,1,0,NULL
103245739,0,2,0,NULL
103394588,1,0,1,NULL
103849564,0,2,0,NULL
105173441,0,1,0,NULL
105485791,0,1,0,NULL
106118793,0,2,0,NULL
106431823,0,1,0,NULL
107210124,0,2,0,NULL
108352527,1,0,1,NULL
108884788,0,1,0,NULL
109001491,0,1,0,NULL
109042732,0,2,0,NULL
109065990,0,4,0,NULL
109234928,2,0,1,NULL
109747548,0,1,0,NULL
110363115,0,1,0,NULL
110396781,1,1,0.5,NULL
110445334,0,2,0,NULL
110773874,0,1,0,NULL
110827653,0,1,0,NULL
110840071,0,1,0,NULL
110906944,0,1,0,NULL
111157878,0,1,0,NULL
111250814,0,1,0,NULL
112562263,1,0,1,NULL
112641607,1,0,1,NULL
112874216,1,0,1,NULL
113038982,0,2,0,NULL
113164127,0,1,0,NULL
113899804,0,1,0,NULL
114032121,0,2,0,NULL
114479860,0,1,0,NULL
115378178,0,1,0,NULL
115393565,1,0,1,NULL
116520227,3,1,0.75,NULL
116625196,0,2,0,NULL
116768508,0,1,0,NULL
117341432,0,1,0,NULL
117366399,0,1,0,NULL
118672200,0,1,0,NULL
119294048,0,1,0,NULL
119972954,6,3,0.666667,NULL
121146038,0,1,0,NULL
121817564,0,2,0,NULL
122195535,0,1,0,NULL
122448174,0,1,0,NULL
122539413,0,1,0,NULL
122557484,0,1,0,NULL
122928586,0,1,0,NULL
123093889,0,1,0,NULL
123661002,0,1,0,NULL
123746182,0,1,0,NULL
123979525,0,1,0,NULL
124227622,0,1,0,NULL
124476322,1,2,0.333333,NULL
125486974,0,1,0,NULL
125753608,0,1,0,NULL
125944392,0,2,0,NULL
126629610,1,0,1,NULL
128216887,1,0,1,NULL
128364810,0,1,0,NULL
129051309,0,1,0,NULL
129673790,4,2,0.666667,NULL
129880735,0,1,0,NULL
129964269,1,2,0.333333,NULL
130134724,1,0,1,NULL
130184065,0,1,0,NULL
130294479,1,0,1,NULL
130468394,0,1,0,NULL
130557513,0,2,0,NULL
130778462,0,1,0,NULL
132162464,0,1,0,NULL
132275243,0,1,0,NULL
133081159,0,1,0,NULL
133093395,0,1,0,NULL
134196350,6,10,0.375,NULL
134293369,0,1,0,NULL
134758540,0,1,0,NULL
135604500,0,2,0,NULL
136004952,2,0,1,NULL
136191905,1,1,0.5,NULL
136359464,0,2,0,NULL
136658558,0,1,0,NULL
138168339,0,1,0,NULL
138409823,0,1,0,NULL
138749160,0,1,0,NULL
138787319,0,1,0,NULL
139687841,0,1,0,NULL
140149359,0,1,0,NULL
140222976,1,0,1,NULL
140955302,0,1,0,NULL
141255641,0,1,0,NULL
142034504,0,1,0,NULL
142375993,0,1,0,NULL
142614009,0,1,0,NULL
142696824,0,2,0,NULL
142957691,1,1,0.5,NULL
143145579,1,1,0.5,NULL
143415291,1,0,1,NULL
143695063,1,0,1,NULL
144301368,0,1,0,NULL
144313594,0,1,0,NULL
145415898,0,1,0,NULL
146218381,0,1,0,NULL
146332990,1,0,1,NULL
146765658,1,0,1,NULL
147326828,0,1,0,NULL
147580943,0,2,0,NULL
147754032,0,1,0,NULL
147994804,0,4,0,NULL
148653311,3,2,0.6,NULL
149272318,0,2,0,NULL
149590738,0,1,0,NULL
149913262,0,7,0,NULL
150246405,1,0,1,NULL
150400398,0,1,0,NULL
151245126,0,1,0,NULL
151295755,0,1,0,NULL
151432737,0,1,0,NULL
152478151,0,1,0,NULL
152646096,0,1,0,NULL
152797988,1,0,1,NULL
153029181,0,10,0,NULL
154066182,0,1,0,NULL
154380211,0,1,0,NULL
154435961,0,1,0,NULL
154485832,0,2,0,NULL
155620461,0,1,0,NULL
155899869,1,0,1,NULL
155954125,0,2,0,NULL
156093276,1,0,1,NULL
156123647,0,1,0,NULL
156464691,10,1,0.909091,NULL
157009365,0,1,0,NULL
157054921,1,0,1,NULL
157449860,0,1,0,NULL
157981564,0,1,0,NULL
158128894,0,1,0,NULL
158426909,3,0,1,NULL
158561160,0,2,0,NULL
158613421,0,1,0,NULL
158848407,0,1,0,NULL
159210283,0,2,0,NULL
159491022,0,1,0,NULL
160241472,1,0,1,NULL
160396614,0,1,0,NULL
162304163,2,3,0.4,NULL
162436508,0,1,0,NULL
162622769,0,1,0,NULL
163718817,0,1,0,NULL
164397041,0,3,0,NULL
164536190,0,1,0,NULL
166002047,0,1,0,NULL
166109668,1,0,1,NULL
166207058,0,1,0,NULL
166233427,0,1,0,NULL
166329578,0,1,0,NULL
166612219,0,1,0,NULL
166710918,0,1,0,NULL
166880898,0,1,0,NULL
167494843,0,1,0,NULL
167848621,0,1,0,NULL
168376502,0,2,0,NULL
168828976,0,2,0,NULL
168843567,2,0,1,NULL
169272033,0,1,0,NULL
169844049,0,1,0,NULL
169962549,0,1,0,NULL
170998795,0,1,0,NULL
171117515,0,1,0,NULL
171802941,20,3,0.869565,NULL
171953871,0,5,0,NULL
172869874,2,0,1,NULL
174253648,1,1,0.5,NULL
174958289,0,2,0,NULL
175452918,0,1,0,NULL
175553686,0,1,0,NULL
175954697,1,0,1,NULL
176165009,0,1,0,NULL
176754253,1,0,1,NULL
176934206,0,1,0,NULL
177584156,1,0,1,NULL
177886974,0,1,0,NULL
179218353,1,0,1,NULL
179732982,3,1,0.75,NULL
180171266,0,1,0,NULL
180414031,0,1,0,NULL
181561712,0,1,0,NULL
182091416,0,1,0,NULL
182251918,1,1,0.5,NULL
182593031,0,1,0,NULL
183294043,0,1,0,NULL
183341278,0,10,0,NULL
183368272,0,1,0,NULL
183767243,0,1,0,NULL
184536237,0,1,0,NULL
186688764,0,1,0,NULL
187303839,0,2,0,NULL
189097725,0,1,0,NULL
189118361,0,1,0,NULL
189264135,1,0,1,NULL
189682666,0,1,0,NULL
190427235,0,1,0,NULL
191890805,0,1,0,NULL
192369449,0,1,0,NULL
192547775,0,1,0,NULL
193395018,2,2,0.5,NULL
193786214,1,0,1,NULL
194042592,0,1,0,NULL
194732581,0,1,0,NULL
195160252,0,1,0,NULL
195271137,2,6,0.25,NULL
196084805,0,1,0,NULL
196994616,0,4,0,NULL
199721359,0,1,0,NULL
200583835,0,2,0,NULL
201059165,0,1,0,NULL
201308621,0,1,0,NULL
201669414,0,1,0,NULL
201800640,0,1,0,NULL
202934450,0,1,0,NULL
203123011,0,3,0,NULL
203291638,0,1,0,NULL
203835503,0,1,0,NULL
204089551,0,2,0,NULL
204832963,0,1,0,NULL
205242337,2,2,0.5,NULL
205480257,0,1,0,NULL
206979151,0,2,0,NULL
207441433,0,1,0,NULL
207985340,0,1,0,NULL
208019751,0,1,0,NULL
209176493,0,2,0,NULL
210238655,0,1,0,NULL
210556794,1,0,1,NULL
210951599,0,1,0,NULL
211105315,0,1,0,NULL
211374036,1,0,1,NULL
212369763,1,0,1,NULL
213326209,0,1,0,NULL
213518581,1,0,1,NULL
214007688,3,0,1,NULL
214205356,1,2,0.333333,NULL
214622133,0,1,0,NULL
214672289,0,1,0,NULL
214916802,1,0,1,NULL
215258085,0,1,0,NULL
215598844,0,1,0,NULL
215694545,0,1,0,NULL
215957468,0,1,0,NULL
216299334,2,2,0.5,NULL
216430965,0,1,0,NULL
216739115,0,1,0,NULL
217758017,0,1,0,NULL
218118150,0,1,0,NULL
218730857,0,1,0,NULL
219345607,0,1,0,NULL
219907484,0,1,0,NULL
220023810,0,1,0,NULL
220081875,0,1,0,NULL
220343896,1,0,1,NULL
220416676,1,0,1,NULL
220843663,0,2,0,NULL
221082507,1,0,1,NULL
221517172,0,1,0,NULL
222471144,0,1,0,NULL
222556688,0,1,0,NULL
222982321,0,1,0,NULL
223369343,0,1,0,NULL
223484404,0,1,0,NULL
223995226,0,1,0,NULL
224135257,0,1,0,NULL
224653925,0,1,0,NULL
224682566,0,1,0,NULL
225227311,1,1,0.5,NULL
225235528,2,6,0.25,NULL
225244783,0,1,0,NULL
225382649,0,1,0,NULL
226344539,0,2,0,NULL
227088399,0,3,0,NULL
227387658,0,1,0,NULL
227491174,0,1,0,NULL
227568015,0,1,0,NULL
227837742,2,9,0.181818,NULL
228120405,0,2,0,NULL
228480162,0,1,0,NULL
228871317,0,1,0,NULL
230527949,2,2,0.5,NULL
230787751,0,1,0,NULL
230859523,0,1,0,NULL
231094495,1,0,1,NULL
232235048,0,1,0,NULL
232851192,1,0,1,NULL
233533968,0,1,0,NULL
234395084,0,1,0,NULL
234874463,0,1,0,NULL
235610395,2,1,0.666667,NULL
236488883,3,3,0.5,NULL
237606548,1,2,0.333333,NULL
237632983,1,0,1,NULL
238575113,0,8,0,NULL
239170356,0,1,0,NULL
239503657,0,1,0,NULL
239509917,0,1,0,NULL
239512089,0,1,0,NULL
239825437,0,1,0,NULL
239885144,0,1,0,NULL
239964092,1,3,0.25,NULL
240028072,2,0,1,NULL
240649814,2,1,0.666667,NULL
241699458,0,1,0,NULL
242314631,0,1,0,NULL
242653461,0,1,0,NULL
243094509,0,1,0,NULL
243249906,0,2,0,NULL
243318995,1,1,0.5,NULL
243393079,0,1,0,NULL
244181007,0,1,0,NULL
244452760,0,3,0,NULL
245326395,0,1,0,NULL
245354027,0,1,0,NULL
245689692,0,1,0,NULL
245784511,0,1,0,NULL
246130881,0,5,0,NULL
246532728,0,1,0,NULL
246682858,1,0,1,NULL
246758084,0,1,0,NULL
246860689,0,2,0,NULL
247695869,0,1,0,NULL
248967064,0,1,0,NULL
249108233,0,1,0,NULL
250056239,0,1,0,NULL
250603308,0,2,0,NULL
251990786,0,1,0,NULL
252868465,0,1,0,NULL
253186785,1,0,1,NULL
254433349,0,1,0,NULL
254507476,0,1,0,NULL
254873869,2,4,0.333333,NULL
255187660,1,0,1,NULL
255527829,0,1,0,NULL
255753616,0,1,0,NULL
256009120,1,0,1,NULL
256363817,1,0,1,NULL
256413041,0,1,0,NULL
256495314,0,1,0,NULL
256596567,1,0,1,NULL
256754533,0,1,0,NULL
257549385,0,1,0,NULL
257747817,0,1,0,NULL
257824868,0,1,0,NULL
258627226,3,2,0.6,NULL
258703448,0,1,0,NULL
259323371,0,1,0,NULL
260661314,0,1,0,NULL
262834755,0,1,0,NULL
263007263,0,1,0,NULL
264518387,0,1,0,NULL
265321840,0,1,0,NULL
265504987,0,1,0,NULL
266073503,0,1,0,NULL
266081078,1,0,1,NULL
267855388,0,1,0,NULL
268270621,1,0,1,NULL
268476335,2,0,1,NULL
268531577,0,1,0,NULL
268662889,1,1,0.5,NULL
268676434,0,1,0,NULL
268866184,0,1,0,NULL
269167743,0,1,0,NULL
269950830,0,1,0,NULL
270016438,0,1,0,NULL
270412323,0,1,0,NULL
270569708,0,3,0,NULL
271413771,3,7,0.3,NULL
271461410,0,1,0,NULL
271543756,1,0,1,NULL
272172091,0,1,0,NULL
272388054,0,2,0,NULL
273581084,1,1,0.5,NULL
274658121,0,1,0,NULL
275686563,0,1,0,NULL
277501298,0,1,0,NULL
277983398,0,1,0,NULL
278067201,0,1,0,NULL
278914984,1,1,0.5,NULL
279390084,2,23,0.08,NULL
279534015,1,0,1,NULL
280346532,0,1,0,NULL
280784084,0,1,0,NULL
281754653,0,1,0,NULL
282335488,1,0,1,NULL
282670739,0,1,0,NULL
282695161,0,1,0,NULL
282977213,0,3,0,NULL
283217942,0,1,0,NULL
283235743,0,3,0,NULL
283411624,0,1,0,NULL
283632721,0,1,0,NULL
283640557,1,0,1,NULL
283969754,0,1,0,NULL
284620348,0,1,0,NULL
286886892,0,1,0,NULL
288283415,1,0,1,NULL
288755234,1,0,1,NULL
289998339,2,0,1,NULL
291859009,1,0,1,NULL
292765961,0,2,0,NULL
292777349,30,16,0.652174,NULL
293227742,1,0,1,NULL
293838759,0,1,0,NULL
293866350,1,1,0.5,NULL
294379576,1,0,1,NULL
295431169,0,1,0,NULL
296894515,0,1,0,NULL
297325085,1,0,1,NULL
297602297,0,1,0,NULL
297690193,0,1,0,NULL
299294766,0,1,0,NULL
299378671,0,1,0,NULL
299416026,0,2,0,NULL
299734653,0,1,0,NULL
301309392,0,2,0,NULL
302564474,2,0,1,NULL
302974524,1,0,1,NULL
303898231,1,0,1,NULL
304029732,0,1,0,NULL
304695261,0,2,0,NULL
305134471,0,1,0,NULL
308167013,0,1,0,NULL
308439963,0,1,0,NULL
309065519,0,1,0,NULL
309334638,0,1,0,NULL
311849071,0,1,0,NULL
312149882,1,0,1,NULL
312696314,0,2,0,NULL
313379422,0,2,0,NULL
313675516,0,1,0,NULL
315163250,0,1,0,NULL
315878798,0,3,0,NULL
317384131,0,1,0,NULL
319777415,0,1,0,NULL
320418413,0,1,0,NULL
320959649,0,1,0,NULL
322572436,2,0,1,NULL
323188665,0,1,0,NULL
324962560,0,1,0,NULL
325005357,1,0,1,NULL
325076723,3,2,0.6,NULL
325265073,2,2,0.5,NULL
325340909,0,6,0,NULL
326140439,1,0,1,NULL
326196796,0,1,0,NULL
327622609,2,0,1,NULL
328369973,0,1,0,NULL
328541805,1,0,1,NULL
328967731,1,0,1,NULL
329121956,0,3,0,NULL
329415374,0,1,0,NULL
330378192,1,2,0.333333,NULL
330459560,1,0,1,NULL
330826792,0,1,0,NULL
330866062,0,1,0,NULL
330906573,0,1,0,NULL
331658004,0,2,0,NULL
331672974,0,1,0,NULL
333205257,0,1,0,NULL
333568300,0,1,0,NULL
334715818,0,1,0,NULL
335171942,0,1,0,NULL
335177549,0,1,0,NULL
335455570,1,0,1,NULL
337200920,0,1,0,NULL
337801323,1,0,1,NULL
338099403,0,1,0,NULL
338335964,0,1,0,NULL
338968305,0,1,0,NULL
339596853,0,1,0,NULL
340441440,0,1,0,NULL
341908197,1,7,0.125,NULL
342309995,0,1,0,NULL
342692032,1,0,1,NULL
342894187,1,0,1,NULL
343082774,0,1,0,NULL
343800462,0,1,0,NULL
344281070,1,0,1,NULL
344613908,0,1,0,NULL
345588852,0,1,0,NULL
346809444,1,0,1,NULL
346924655,1,0,1,NULL
347451363,1,1,0.5,NULL
349803020,0,1,0,NULL
350341283,0,1,0,NULL
351120282,0,4,0,NULL
351934556,0,1,0,NULL
352036858,0,1,0,NULL
353047163,0,1,0,NULL
353796254,0,1,0,NULL
354356571,0,1,0,NULL
354574790,0,1,0,NULL
356026306,0,1,0,NULL
357191485,0,1,0,NULL
357430585,0,1,0,NULL
357584312,0,1,0,NULL
358127438,0,1,0,NULL
358136545,0,1,0,NULL
358204197,0,2,0,NULL
360129829,1,0,1,NULL
360738490,1,0,1,NULL
362144301,0,1,0,NULL
363767963,0,1,0,NULL
364306576,0,1,0,NULL
364423298,0,1,0,NULL
364810202,1,0,1,NULL
364930669,0,1,0,NULL
365939318,0,2,0,NULL
366066427,0,1,0,NULL
366089337,0,1,0,NULL
366819502,0,1,0,NULL
367044023,0,1,0,NULL
367709007,1,1,0.5,NULL
368196789,0,2,0,NULL
368565886,0,1,0,NULL
370310957,1,0,1,NULL
372036385,0,1,0,NULL
372095233,0,1,0,NULL
372502604,2,1,0.666667,NULL
373024636,0,1,0,NULL
373416209,0,1,0,NULL
373564351,0,1,0,NULL
373783051,2,5,0.285714,NULL
374712154,1,10,0.0909091,NULL
375562803,0,1,0,NULL
375721095,4,0,1,NULL
376109186,2,1,0.666667,NULL
377163508,0,2,0,NULL
379479080,0,1,0,NULL
379481082,0,1,0,NULL
379590591,0,1,0,NULL
380285402,0,1,0,NULL
380648579,21,13,0.617647,NULL
382051315,0,1,0,NULL
382134136,0,1,0,NULL
382376904,0,2,0,NULL
383685824,0,2,0,NULL
383733061,0,1,0,NULL
384438102,2,1,0.666667,NULL
384455157,1,0,1,NULL
384646101,0,1,0,NULL
384779793,1,1,0.5,NULL
385093141,1,0,1,NULL
385867551,0,1,0,NULL
386815916,1,3,0.25,NULL
387027891,0,1,0,NULL
392317014,1,0,1,NULL
392773603,0,1,0,NULL
393469195,1,0,1,NULL
393488321,0,1,0,NULL
394686596,0,1,0,NULL
395836614,0,1,0,NULL
397756361,0,2,0,NULL
401291187,0,1,0,NULL
401651305,0,1,0,NULL
403338386,0,1,0,NULL
403576718,0,2,0,NULL
403584093,0,1,0,NULL
403647191,1,1,0.5,NULL
403932208,0,1,0,NULL
407779393,0,1,0,NULL
407871140,0,1,0,NULL
408200652,0,1,0,NULL
409941587,0,1,0,NULL
411780181,0,1,0,NULL
412682869,1,0,1,NULL
413157362,0,2,0,NULL
414488432,1,0,1,NULL
414573312,0,3,0,NULL
415753384,0,1,0,NULL
417419122,0,1,0,NULL
419520517,0,2,0,NULL
420314328,0,1,0,NULL
421719377,0,1,0,NULL
423662810,8,1,0.888889,NULL
424120588,0,1,0,NULL
427748930,0,2,0,NULL
428140124,0,2,0,NULL
428159786,0,1,0,NULL
429533485,0,1,0,NULL
429864309,0,1,0,NULL
430739183,1,0,1,NULL
431969214,0,2,0,NULL
433584049,0,1,0,NULL
438355707,0,1,0,NULL
439125710,1,0,1,NULL
441636351,0,2,0,NULL
442653867,2,2,0.5,NULL
443146128,0,1,0,NULL
447410369,0,1,0,NULL
453030125,0,2,0,NULL
454099919,0,1,0,NULL
455362096,0,1,0,NULL
455667047,0,1,0,NULL
458008892,0,1,0,NULL
458992712,0,1,0,NULL
459390022,0,3,0,NULL
460005853,1,1,0.5,NULL
464311706,1,0,1,NULL
464829719,0,1,0,NULL
464854839,1,1,0.5,NULL
469194846,2,1,0.666667,NULL
469509327,2,1,0.666667,NULL
470708968,2,2,0.5,NULL
472230937,0,1,0,NULL
472778354,1,0,1,NULL
472962312,0,1,0,NULL
475492463,0,1,0,NULL
479793246,0,1,0,NULL
480079436,0,1,0,NULL
483930658,0,1,0,NULL
485249248,0,1,0,NULL
485861064,0,1,0,NULL
487118986,1,0,1,NULL
487198119,0,1,0,NULL
487600344,0,13,0,NULL
488176442,1,1,0.5,NULL
489336004,0,3,0,NULL
489475164,0,1,0,NULL
490339438,0,1,0,NULL
491344675,0,1,0,NULL
491631309,0,1,0,NULL
491960101,3,3,0.5,NULL
495464885,0,5,0,NULL
497534338,0,1,0,NULL
497665754,1,3,0.25,NULL
498086229,0,1,0,NULL
499696436,1,2,0.333333,NULL
500275955,0,1,0,NULL
501637514,0,3,0,NULL
501768982,2,4,0.333333,NULL
501987780,0,1,0,NULL
503681629,0,1,0,NULL
506429053,0,1,0,NULL
507949202,0,1,0,NULL
508110571,1,0,1,NULL
513159493,0,1,0,NULL
514019413,0,2,0,NULL
518991950,0,1,0,NULL
520011678,0,3,0,NULL
522285305,0,1,0,NULL
524545961,0,1,0,NULL
525634151,1,0,1,NULL
529784320,0,1,0,NULL
531902156,0,1,0,NULL
532574426,0,1,0,NULL
532779460,0,3,0,NULL
534675241,0,4,0,NULL
537612240,1,1,0.5,NULL
538031518,0,1,0,NULL
538434730,0,1,0,NULL
538467434,0,1,0,NULL
538761714,0,1,0,NULL
540628749,0,1,0,NULL
543202426,0,1,0,NULL
543445173,0,1,0,NULL
546749928,0,1,0,NULL
548203324,1,0,1,NULL
549044887,0,1,0,NULL
552283163,1,0,1,NULL
552842384,0,1,0,NULL
553259396,0,1,0,NULL
554676448,0,1,0,NULL
556633808,0,1,0,NULL
557872038,0,1,0,NULL
558040899,0,1,0,NULL
558251172,0,1,0,NULL
563108711,0,1,0,NULL
564457556,1,0,1,NULL
566312210,0,1,0,NULL
568143078,0,2,0,NULL
570641816,0,1,0,NULL
573788425,0,1,0,NULL
573897929,0,2,0,NULL
574600705,0,1,0,NULL
574701065,0,1,0,NULL
575260236,1,0,1,NULL
580183048,0,1,0,NULL
583697870,1,0,1,NULL
584797578,0,3,0,NULL
585612126,0,1,0,NULL
589010907,0,2,0,NULL
592155963,0,1,0,NULL
597251143,2,0,1,NULL
601862797,0,1,0,NULL
602609422,0,1,0,NULL
605283640,1,0,1,NULL
606437303,1,0,1,NULL
607082634,0,4,0,NULL
607946179,0,2,0,NULL
608161678,1,0,1,NULL
609244293,0,1,0,NULL
611346290,0,1,0,NULL
611585332,0,1,0,NULL
612419570,0,1,0,NULL
612924569,0,1,0,NULL
612943066,0,1,0,NULL
614722543,0,1,0,NULL
615112213,0,1,0,NULL
617825073,0,1,0,NULL
617854798,0,1,0,NULL
618300542,0,1,0,NULL
618972073,0,1,0,NULL
622888708,0,1,0,NULL
622969430,0,1,0,NULL
625739552,0,1,0,NULL
632633631,0,1,0,NULL
633699806,0,1,0,NULL
634454063,0,1,0,NULL
635608354,0,1,0,NULL
711348452,0,2,0,NULL
716490715,0,1,0,NULL
718294442,1,0,1,NULL
718612494,1,0,1,NULL
719288724,0,1,0,NULL
732393506,0,1,0,NULL
733838438,0,1,0,NULL
747822822,1,0,1,NULL
763156754,0,1,0,NULL
770751798,0,1,0,NULL
770759270,0,1,0,NULL
774393817,0,1,0,NULL
776528756,0,1,0,NULL
780024367,0,1,0,NULL
793879086,1,1,0.5,NULL
796129668,0,1,0,NULL
801629904,0,1,0,NULL
818212956,0,2,0,NULL
821689608,0,1,0,NULL
827765124,1,0,1,NULL
838673408,0,1,0,NULL
849121410,0,1,0,NULL
850302560,0,1,0,NULL
852269288,0,1,0,NULL
855180008,0,1,0,NULL
856010760,0,2,0,NULL
858924511,1,0,1,NULL
862374578,0,1,0,NULL
864871926,0,1,0,NULL
868112707,14,11,0.56,NULL
872683897,1,0,1,NULL
873299388,0,1,0,NULL
877551276,0,1,0,NULL
883619466,0,1,0,NULL
893836951,0,4,0,NULL
898533348,0,1,0,NULL
902200087,0,2,0,NULL
904574947,0,1,0,NULL
908996244,0,1,0,NULL
917922457,0,1,0,NULL
918346674,0,1,0,NULL
919283569,1,0,1,NULL
926505505,0,1,0,NULL
927285830,0,2,0,NULL
927818520,0,1,0,NULL
937696388,0,1,0,NULL
940368062,1,1,0.5,NULL
949254890,0,1,0,NULL
951837780,0,1,0,NULL
952112047,0,4,0,NULL
954124423,2,8,0.2,NULL
956604620,1,0,1,NULL
957528097,0,1,0,NULL
959529762,0,1,0,NULL
961974776,0,1,0,NULL
973005421,0,2,0,NULL
974735124,1,2,0.333333,NULL
979457803,0,1,0,NULL
1002161534,0,1,0,NULL
1008392934,1,1,0.5,NULL
1008526854,1,1,0.5,NULL
1014423703,0,2,0,NULL
1020058453,8,8,0.5,NULL
1028706985,0,1,0,NULL
1034665663,0,1,0,NULL
1036325418,0,1,0,NULL
1053365834,0,1,0,NULL
1054379462,1,0,1,NULL
1056552596,1,0,1,NULL
1062136398,0,1,0,NULL
1068121346,1,4,0.2,NULL
1073676020,0,1,0,NULL
1073802444,0,2,0,NULL
1077181999,0,1,0,NULL
1078522038,0,1,0,NULL
1090556088,0,1,0,NULL
1093638847,0,1,0,NULL
1102984189,0,1,0,NULL
1123128290,0,1,0,NULL
1125937411,0,2,0,NULL
1128995864,0,1,0,NULL
1148102359,0,1,0,NULL
1156344793,0,1,0,NULL
1161902875,0,1,0,NULL
1169292122,0,1,0,NULL
1172992904,0,1,0,NULL
1199102480,0,1,0,NULL
1231224926,0,3,0,NULL
1246678909,0,2,0,NULL
1250111466,1,0,1,NULL
1263002017,1,0,1,NULL
1263706735,0,1,0,NULL
1269181292,1,0,1,NULL
1277654299,0,1,0,NULL
1280328260,0,1,0,NULL
1289847366,0,1,0,NULL
1291770157,6,17,0.26087,NULL
1299769218,2,0,1,NULL
1310201424,0,1,0,NULL
1331760487,1,0,1,NULL
1339678076,0,1,0,NULL
1341076670,0,1,0,NULL
1359226843,0,1,0,NULL
1360789357,0,1,0,NULL
1362368612,1,0,1,NULL
1363520268,2,0,1,NULL
1375289149,0,7,0,NULL
1379288282,0,6,0,NULL
1381926373,2,9,0.181818,NULL
1398275840,0,1,0,NULL
1399909376,1,0,1,NULL
1407822289,0,1,0,NULL
1408003598,0,1,0,NULL
1415144762,1,0,1,NULL
1426406143,0,2,0,NULL
1449450966,0,1,0,NULL
1452874872,0,1,0,NULL
1453546867,0,1,0,NULL
1453757544,0,1,0,NULL
1462833583,1,0,1,NULL
1467733123,1,2,0.333333,NULL
1468696195,0,2,0,NULL
1470770234,0,1,0,NULL
1488110497,1,0,1,NULL
1507338108,0,2,0,NULL
1513504760,0,1,0,NULL
1520330192,0,1,0,NULL
1526228120,0,1,0,NULL
1526423011,0,1,0,NULL
1532402708,1,0,1,NULL
1533006836,1,0,1,NULL
1539100118,0,1,0,NULL
1543801099,0,1,0,NULL
1546896846,0,3,0,NULL
1562935142,1,5,0.166667,NULL
1571239068,1,0,1,NULL
1571428436,0,4,0,NULL
1578821227,1,0,1,NULL
1585763420,0,1,0,NULL
1594679162,0,1,0,NULL
1598644159,0,1,0,NULL
1609475190,0,1,0,NULL
1617876511,0,1,0,NULL
1626294277,1,2,0.333333,NULL
1630896181,4,4,0.5,NULL
1634077976,0,3,0,NULL
1644897588,0,1,0,NULL
1649548520,0,4,0,NULL
1649603582,0,1,0,NULL
1659333062,1,0,1,NULL
1662016292,0,1,0,NULL
1663752234,0,1,0,NULL
1664343276,0,1,0,NULL
1668303476,0,1,0,NULL
1672611397,1,0,1,NULL
1678020594,0,1,0,NULL
1680465068,0,1,0,NULL
1688493770,0,1,0,NULL
1695784514,1,4,0.2,NULL
1700366010,0,1,0,NULL
1704140293,0,1,0,NULL
1707427058,0,1,0,NULL
1717464030,0,1,0,NULL
1725292759,0,1,0,NULL
1750973664,0,1,0,NULL
1769646126,0,2,0,NULL
1844224638,0,1,0,NULL
1851229334,0,2,0,NULL
1855737487,5,1,0.833333,NULL
1859593506,0,1,0,NULL
1865386620,0,1,0,NULL
1868676517,0,1,0,NULL
1878576403,0,1,0,NULL
1899332185,0,1,0,NULL
1905230346,0,1,0,NULL
1910701892,1,0,1,NULL
1920286333,0,1,0,NULL
1921517718,0,1,0,NULL
1925489179,0,1,0,NULL
1934989190,0,2,0,NULL
1956040279,0,1,0,NULL
1957125536,0,1,0,NULL
1960878613,6,5,0.545455,NULL
1962860390,0,1,0,NULL
2147647676,0,1,0,NULL
2160653996,0,1,0,NULL
2161051908,0,1,0,NULL
2163076560,2,10,0.166667,NULL
2164349064,0,1,0,NULL
2170265940,0,1,0,NULL
2173646835,0,1,0,NULL
2175876524,0,1,0,NULL
2177710981,0,1,0,NULL
2180126766,0,1,0,NULL
2183816041,1,0,1,NULL
2188165862,0,1,0,NULL
2190056023,1,3,0.25,NULL
2193946021,1,2,0.333333,NULL
2197547646,0,1,0,NULL
2200632505,0,1,0,NULL
2222123156,0,1,0,NULL
2240567468,0,1,0,NULL
2248932158,0,1,0,NULL
2252610394,0,1,0,NULL
2257598532,0,1,0,NULL
2267059262,0,1,0,NULL
2270640056,0,2,0,NULL
2271035214,1,0,1,NULL
2280470022,16,16,0.5,NULL
2283020590,0,1,0,NULL
2286056016,0,1,0,NULL
2286821737,0,1,0,NULL
2295172961,1,0,1,NULL
2315411725,0,1,0,NULL
2319496214,0,1,0,NULL
2324408143,0,1,0,NULL
2329066872,0,1,0,NULL
2329395758,0,2,0,NULL
2336227399,0,1,0,NULL
2342775366,1,0,1,NULL
2345696184,0,1,0,NULL
2350218440,0,1,0,NULL
2351100937,0,1,0,NULL
2365656804,0,1,0,NULL
2365672292,0,1,0,NULL
2368811822,0,1,0,NULL
2370486097,0,1,0,NULL
2378713202,0,2,0,NULL
2378814295,0,1,0,NULL
2396242676,0,1,0,NULL
2402254161,1,1,0.5,NULL
2405388402,1,0,1,NULL
2410816488,0,1,0,NULL
2423362904,0,1,0,NULL
2429570119,0,1,0,NULL
2434191967,0,1,0,NULL
2435652986,0,1,0,NULL
2436429546,0,1,0,NULL
2442255489,0,1,0,NULL
2448260294,0,1,0,NULL
2453770044,0,5,0,NULL
2453781038,0,2,0,NULL
2453787236,1,4,0.2,NULL
2453801011,0,2,0,NULL
2461887810,2,8,0.2,NULL
2464867495,0,1,0,NULL
2467959607,0,1,0,NULL
2468828556,0,1,0,NULL
2485636243,0,1,0,NULL
2487323707,1,0,1,NULL
2502895924,0,1,0,NULL
2512264104,0,1,0,NULL
2532955292,0,1,0,NULL
2546562188,1,0,1,NULL
2566535282,9,6,0.6,NULL
2574072036,0,2,0,NULL
2578497883,0,1,0,NULL
2579312316,0,1,0,NULL
2581857086,4,3,0.571429,NULL
2597413135,0,1,0,NULL
2602208286,0,1,0,NULL
2611766492,0,2,0,NULL
2622553496,0,2,0,NULL
2653613168,0,2,0,NULL
2680112214,0,1,0,NULL
2687627611,0,1,0,NULL
2725579568,9,5,0.642857,NULL
2736449935,0,1,0,NULL
2738397743,2,0,1,NULL
2748686820,1,0,1,NULL
2748882114,0,1,0,NULL
2754194395,1,0,1,NULL
2758691533,0,1,0,NULL
2772386567,0,1,0,NULL
2779009591,1,0,1,NULL
2789038870,1,0,1,NULL
2799960092,2,9,0.181818,NULL
2808121994,0,1,0,NULL
2811909217,0,1,0,NULL
2826814674,0,1,0,NULL
2832246523,0,1,0,NULL
2832527047,0,2,0,NULL
2836941830,1,1,0.5,NULL
2844537888,0,1,0,NULL
2859156054,0,1,0,NULL
2866454240,1,0,1,NULL
2868975307,0,1,0,NULL
2869449584,0,1,0,NULL
2869804885,1,0,1,NULL
2873016720,1,0,1,NULL
2873131525,0,1,0,NULL
2873638358,0,1,0,NULL
2873653153,0,1,0,NULL
2874906289,0,1,0,NULL
2878770595,0,1,0,NULL
2879114551,0,1,0,NULL
2880535735,0,1,0,NULL
2882008626,0,1,0,NULL
2882725832,1,0,1,NULL
2883287419,0,1,0,NULL
2883734737,0,1,0,NULL
2883736417,1,0,1,NULL
2886154223,0,1,0,NULL
2889324884,1,0,1,NULL
2891439673,0,1,0,NULL
2897135260,1,0,1,NULL
2924591292,0,1,0,NULL
2927067043,0,1,0,NULL
2937797170,1,1,0.5,NULL
2941152158,1,0,1,NULL
2955319510,0,1,0,NULL
2962661709,1,0,1,NULL
2966351008,0,2,0,NULL
3006168515,0,1,0,NULL
3010969478,1,0,1,NULL
3022045469,1,0,1,NULL
